-- phpMyAdmin SQL Dump
-- version 5.1.1
-- https://www.phpmyadmin.net/
--
-- Host: 127.0.0.1:3306
-- Tempo de geração: 19-Nov-2022 às 23:55
-- Versão do servidor: 5.7.36
-- versão do PHP: 7.4.26

SET SQL_MODE = "NO_AUTO_VALUE_ON_ZERO";
START TRANSACTION;
SET time_zone = "+00:00";


/*!40101 SET @OLD_CHARACTER_SET_CLIENT=@@CHARACTER_SET_CLIENT */;
/*!40101 SET @OLD_CHARACTER_SET_RESULTS=@@CHARACTER_SET_RESULTS */;
/*!40101 SET @OLD_COLLATION_CONNECTION=@@COLLATION_CONNECTION */;
/*!40101 SET NAMES utf8mb4 */;

--
-- Banco de dados: `vendas`
--

-- --------------------------------------------------------

--
-- Estrutura da tabela `carros`
--

DROP TABLE IF EXISTS `carros`;
CREATE TABLE IF NOT EXISTS `carros` (
  `id_Carro` int(11) NOT NULL AUTO_INCREMENT,
  `Fabricante` varchar(100) NOT NULL,
  `modelo` varchar(50) NOT NULL,
  `cor` varchar(30) NOT NULL,
  `ano` int(11) NOT NULL,
  PRIMARY KEY (`id_Carro`)
) ENGINE=MyISAM AUTO_INCREMENT=228 DEFAULT CHARSET=latin1;

--
-- Extraindo dados da tabela `carros`
--

INSERT INTO `carros` (`id_Carro`, `Fabricante`, `modelo`, `cor`, `ano`) VALUES
(1, 'Rolls Royce', 'Camargue', 'Vermelho', 2012),
(2, 'Rolls Royce', 'Camargue', 'Vermelho', 2012),
(3, 'Aston Martin', 'DBS', 'Azul', 2012),
(4, 'Rolls Royce', 'Prata Ghost', 'Verde', 2012),
(5, 'Rolls Royce', 'Prata Ghost', 'Azul', 2012),
(6, 'Rolls Royce', 'Camargue', 'Vermelho', 2012),
(7, 'Aston Martin', 'DBS', 'Azul', 2012),
(8, 'Rolls Royce', 'Prata Ghost', 'Verde', 2012),
(9, 'Rolls Royce', 'Prata Ghost', 'Azul', 2012),
(10, 'Rolls Royce', 'Camargue', 'Vermelho', 2012),
(11, 'Aston Martin', 'DBS', 'Azul', 2012),
(12, 'Rolls Royce', 'Prata Ghost', 'Verde', 2012),
(13, 'Rolls Royce', 'Prata Ghost', 'Azul', 2012),
(14, 'Rolls Royce', 'Camargue', 'Vermelho', 2012),
(15, 'Aston Martin', 'DBS', 'Azul', 2012),
(16, 'Rolls Royce', 'Prata Ghost', 'Verde', 2012),
(17, 'Rolls Royce', 'Prata Ghost', 'Azul', 2012),
(18, 'Rolls Royce', 'Camargue', 'Prata', 2012),
(19, 'Rolls Royce', 'Camargue', 'Verde', 2012),
(20, 'Aston Martin', 'DBS', 'Púrpura', 2012),
(21, 'Aston Martin', 'DB7', 'Vermelho', 2012),
(22, 'Aston Martin', 'DB9', 'Azul', 2012),
(23, 'Aston Martin', 'DB9', 'Prata', 2012),
(24, 'Aston Martin', 'DB4', 'Azul', 2012),
(25, 'Aston Martin', 'Vantage', 'Prata', 2012),
(26, 'Aston Martin', 'Vanquish', 'Azul', 2012),
(27, 'Aston Martin', 'Rapide', 'Preto', 2012),
(28, 'Aston Martin', 'Zagato', 'Verde', 2012),
(29, 'Rolls Royce', 'Prata Ghost', 'Prata', 2013),
(30, 'Rolls Royce', 'Wraith', 'Prata', 2013),
(31, 'Rolls Royce', 'Prata Ghost', 'Verde', 2013),
(32, 'Rolls Royce', 'Camargue', 'Azul', 2013),
(33, 'Rolls Royce', 'Prata Shadow', 'Vermelho', 2013),
(34, 'Rolls Royce', 'Prata Seraph', 'Vermelho', 2013),
(35, 'Rolls Royce', 'Prata Ghost', 'Preto', 2013),
(36, 'Rolls Royce', 'Prata Shadow', 'Verde', 2013),
(37, 'Rolls Royce', 'Camargue', 'Púrpura', 2013),
(38, 'Rolls Royce', 'Prata Ghost', 'Vermelho', 2013),
(39, 'Rolls Royce', 'Phantom', 'Verde', 2013),
(40, 'Aston Martin', 'DB9', 'Púrpura', 2013),
(41, 'Aston Martin', 'DB4', 'Verde', 2013),
(42, 'Aston Martin', 'DB9', 'Preto', 2013),
(43, 'Aston Martin', 'DB4', 'Azul', 2013),
(44, 'Aston Martin', 'DB4', 'Prata', 2013),
(45, 'Aston Martin', 'Vanquish', 'Prata', 2013),
(46, 'Aston Martin', 'Vanquish', 'Verde', 2013),
(47, 'Aston Martin', 'DB9', 'Azul', 2013),
(48, 'Aston Martin', 'Vanquish', 'Vermelho', 2013),
(49, 'Aston Martin', 'Rapide', 'Vermelho', 2013),
(50, 'Jaguar', 'XK', 'Púrpura', 2012),
(51, 'Jaguar', 'XJ6', 'Verde', 2012),
(52, 'Jaguar', 'XJ12', 'Preto', 2012),
(53, 'Jaguar', 'XK', 'Prata', 2012),
(54, 'Jaguar', 'XJ12', 'Prata', 2012),
(55, 'Jaguar', 'XK', 'Azul', 2012),
(56, 'Jaguar', 'XK', 'Verde', 2012),
(57, 'Jaguar', 'XJ12', 'Azul', 2012),
(58, 'Jaguar', 'XK', 'Preto', 2012),
(59, 'Jaguar', 'XK', 'Verde', 2013),
(60, 'Jaguar', 'XK', 'Púrpura', 2013),
(61, 'Jaguar', 'XJ6', 'Vermelho', 2013),
(62, 'Jaguar', 'XK', 'Preto', 2013),
(63, 'Jaguar', 'XK', 'Azul', 2013),
(64, 'Jaguar', 'XK', 'Prata', 2013),
(65, 'Jaguar', 'XJ6', 'Verde', 2013),
(66, 'Bentley', 'Continental', 'Azul', 2012),
(67, 'Bentley', 'Arnage', 'Azul', 2012),
(68, 'Bentley', 'Azure', 'Vermelho', 2012),
(69, 'Bentley', 'Turbo R', 'Vermelho', 2012),
(70, 'Bentley', 'Continental', 'Prata', 2012),
(71, 'Bentley', 'Continental', 'Púrpura', 2012),
(72, 'Bentley', 'Continental', 'Verde', 2012),
(73, 'Bentley', 'Azure', 'Preto', 2012),
(74, 'Bentley', 'Turbo R', 'Prata', 2012),
(75, 'Bentley', 'Continental', 'Azul', 2013),
(76, 'Bentley', 'Continental', 'Verde', 2013),
(77, 'Bentley', 'Azure', 'Azul', 2013),
(78, 'Bentley', 'Turbo R', 'Vermelho', 2013),
(79, 'Bentley', 'Continental', 'Vermelho', 2013),
(80, 'Bentley', 'Continental', 'Púrpura', 2013),
(81, 'Bentley', 'Continental', 'Preto', 2013),
(82, 'Bentley', 'Turbo R', 'Prata', 2013),
(83, 'Jaguar', 'XK', 'Vermelho', 2013),
(84, 'TVR', 'Tuscan', 'Azul', 2013),
(85, 'TVR', 'Cerbera', 'Prata', 2013),
(86, 'Jaguar', 'XJ6', 'Azul', 2013),
(87, 'Jaguar', 'XJ6', 'Púrpura', 2013),
(88, 'Jaguar', 'XJ6', 'Preto', 2013),
(89, 'Jaguar', 'XJ6', 'Prata', 2013),
(90, 'MGB', 'GT', 'Verde', 2013),
(91, 'MGB', 'GT', 'Vermelho', 2013),
(92, 'MGB', 'GT', 'Azul', 2013),
(93, 'MGB', 'GT', 'Prata', 2013),
(94, 'Triumph', 'TR4', 'Preto', 2013),
(95, 'Triumph', 'TR5', 'Púrpura', 2013),
(96, 'Triumph', 'TR7', 'Verde', 2013),
(97, 'Triumph', 'TR4', 'Azul', 2013),
(98, 'Triumph', 'TR4', 'Prata', 2013),
(99, 'Triumph', 'TR5', 'Prata', 2013),
(100, 'Triumph', 'TR5', 'Azul', 2013),
(101, 'Triumph', 'TR4', 'Vermelho', 2013),
(102, 'Triumph', 'TR7', 'Vermelho', 2013),
(103, 'Triumph', 'TR4', 'Verde', 2013),
(104, 'Aston Martin', 'DB7', 'Vermelho', 2013),
(105, 'Aston Martin', 'DB7', 'Azul', 2013),
(106, 'Aston Martin', 'Vantage', 'Verde', 2013),
(107, 'Aston Martin', 'Vantage', 'Prata', 2013),
(108, 'Rolls Royce', 'Camargue', 'Prata', 2013),
(109, 'Rolls Royce', 'Camargue', 'Preto', 2013),
(110, 'Aston Martin', 'Vantage', 'Vermelho', 2013),
(111, 'Aston Martin', 'DB7', 'Prata', 2013),
(112, 'Aston Martin', 'DB7', 'Preto', 2013),
(113, 'Aston Martin', 'DB9', 'Vermelho', 2013),
(114, 'Aston Martin', 'DB9', 'Verde', 2013),
(115, 'Aston Martin', 'DB9', 'Prata', 2013),
(116, 'Rolls Royce', 'Camargue', 'Prata', 2014),
(117, 'Aston Martin', 'DBS', 'Azul', 2014),
(118, 'Rolls Royce', 'Prata Ghost', 'Verde', 2014),
(119, 'Rolls Royce', 'Prata Ghost', 'Azul', 2014),
(120, 'Rolls Royce', 'Camargue', 'Verde', 2014),
(121, 'Aston Martin', 'DBS', 'Púrpura', 2014),
(122, 'Aston Martin', 'DB7', 'Vermelho', 2014),
(123, 'Aston Martin', 'DB9', 'Azul', 2014),
(124, 'Aston Martin', 'DB9', 'Prata', 2014),
(125, 'Aston Martin', 'DB4', 'Azul', 2014),
(126, 'Aston Martin', 'Vantage', 'Prata', 2014),
(127, 'Aston Martin', 'Vanquish', 'Prata', 2014),
(128, 'Aston Martin', 'Rapide', 'Preto', 2014),
(129, 'Aston Martin', 'Zagato', 'Verde', 2015),
(130, 'Rolls Royce', 'Prata Ghost', 'Prata', 2015),
(131, 'Rolls Royce', 'Wraith', 'Prata', 2015),
(132, 'Rolls Royce', 'Prata Ghost', 'Verde', 2015),
(133, 'Rolls Royce', 'Camargue', 'Preto', 2015),
(134, 'Rolls Royce', 'Prata Shadow', 'Vermelho', 2015),
(135, 'Rolls Royce', 'Prata Seraph', 'Vermelho', 2015),
(136, 'Rolls Royce', 'Prata Ghost', 'Preto', 2015),
(137, 'Rolls Royce', 'Prata Shadow', 'Verde', 2015),
(138, 'Rolls Royce', 'Camargue', 'Púrpura', 2015),
(139, 'Rolls Royce', 'Prata Seraph', 'Preto', 2015),
(140, 'Rolls Royce', 'Prata Ghost', 'Vermelho', 2015),
(141, 'Rolls Royce', 'Phantom', 'Verde', 2015),
(142, 'Aston Martin', 'DB9', 'Púrpura', 2015),
(143, 'Aston Martin', 'DB4', 'Preto', 2015),
(144, 'Aston Martin', 'DB9', 'Preto', 2015),
(145, 'Aston Martin', 'DB4', 'Azul', 2015),
(146, 'Aston Martin', 'DB4', 'Prata', 2015),
(147, 'Aston Martin', 'Vanquish', 'Prata', 2015),
(148, 'Aston Martin', 'Vanquish', 'Verde', 2015),
(149, 'Aston Martin', 'DB9', 'Prata', 2015),
(150, 'Aston Martin', 'DB9', 'Azul', 2015),
(151, 'Aston Martin', 'Vanquish', 'Vermelho', 2015),
(152, 'Aston Martin', 'Rapide', 'Vermelho', 2015),
(153, 'Aston Martin', 'Vanquish', 'Vermelho', 2014),
(154, 'Jaguar', 'XK', 'Púrpura', 2014),
(155, 'Jaguar', 'XJ6', 'Verde', 2014),
(156, 'Jaguar', 'XJ12', 'Preto', 2014),
(157, 'Jaguar', 'XK', 'Prata', 2014),
(158, 'Jaguar', 'XJ12', 'Prata', 2014),
(159, 'Jaguar', 'XK', 'Verde', 2014),
(160, 'Jaguar', 'XJ12', 'Azul', 2014),
(161, 'Jaguar', 'XK', 'Prata', 2015),
(162, 'Jaguar', 'XK', 'Verde', 2015),
(163, 'Jaguar', 'XK', 'Púrpura', 2015),
(164, 'Jaguar', 'XJ6', 'Vermelho', 2015),
(165, 'Jaguar', 'XK', 'Preto', 2015),
(166, 'Bentley', 'Continental', 'Azul', 2014),
(167, 'Bentley', 'Arnage', 'Prata', 2014),
(168, 'Bentley', 'Azure', 'Vermelho', 2014),
(169, 'Bentley', 'Turbo R', 'Vermelho', 2014),
(170, 'Bentley', 'Continental', 'Prata', 2014),
(171, 'Bentley', 'Continental', 'Verde', 2014),
(172, 'Bentley', 'Azure', 'Preto', 2014),
(173, 'Bentley', 'Turbo R', 'Prata', 2014),
(174, 'Bentley', 'Continental', 'Azul', 2015),
(175, 'Bentley', 'Continental', 'Verde', 2015),
(176, 'Bentley', 'Azure', 'Azul', 2015),
(177, 'Bentley', 'Turbo R', 'Vermelho', 2015),
(178, 'Bentley', 'Continental', 'Vermelho', 2015),
(179, 'Bentley', 'Continental', 'Púrpura', 2015),
(180, 'Bentley', 'Continental', 'Preto', 2015),
(181, 'Bentley', 'Turbo R', 'Prata', 2015),
(182, 'Jaguar', 'XK', 'Vermelho', 2015),
(183, 'TVR', 'Tuscan', 'Azul', 2015),
(184, 'TVR', 'Cerbera', 'Prata', 2015),
(185, 'Jaguar', 'XK', 'Azul', 2015),
(186, 'Jaguar', 'XJ6', 'Azul', 2015),
(187, 'Jaguar', 'XJ6', 'Púrpura', 2015),
(188, 'Jaguar', 'XJ6', 'Verde', 2015),
(189, 'Jaguar', 'XJ6', 'Preto', 2015),
(190, 'Jaguar', 'XJ6', 'Prata', 2015),
(191, 'MGB', 'GT', 'Vermelho', 2015),
(192, 'MGB', 'GT', 'Verde', 2015),
(193, 'MGB', 'GT', 'Azul', 2015),
(194, 'MGB', 'GT', 'Prata', 2015),
(195, 'Triumph', 'TR4', 'Preto', 2015),
(196, 'Triumph', 'TR5', 'Púrpura', 2015),
(197, 'Triumph', 'TR7', 'Verde', 2015),
(198, 'Triumph', 'TR4', 'Azul', 2015),
(199, 'Triumph', 'TR4', 'Prata', 2015),
(200, 'Triumph', 'TR5', 'Prata', 2015),
(201, 'Triumph', 'TR5', 'Azul', 2015),
(202, 'Triumph', 'TR4', 'Vermelho', 2015),
(203, 'Triumph', 'TR7', 'Vermelho', 2015),
(204, 'Triumph', 'TR4', 'Verde', 2015),
(205, 'Aston Martin', 'DB7', 'Vermelho', 2015),
(206, 'Aston Martin', 'DB7', 'Azul', 2015),
(207, 'Aston Martin', 'Vantage', 'Verde', 2015),
(208, 'Aston Martin', 'Vantage', 'Prata', 2015),
(209, 'Rolls Royce', 'Camargue', 'Prata', 2015),
(210, 'Aston Martin', 'Vantage', 'Vermelho', 2015),
(211, 'Aston Martin', 'DB7', 'Prata', 2015),
(212, 'Aston Martin', 'DB7', 'Preto', 2015),
(213, 'Aston Martin', 'DB9', 'Vermelho', 2015),
(214, 'Rolls Royce', 'Camargue', 'Azul', 2015),
(215, 'Aston Martin', 'DB9', 'Verde', 2015),
(216, 'Rolls Royce', 'Camargue', 'Azul', 2014),
(217, 'Aston Martin', 'DB9', 'Púrpura', 2014),
(218, 'Aston Martin', 'DB9', 'Vermelho', 2014),
(219, 'Aston Martin', 'DB9', 'Preto', 2014),
(220, 'Rolls Royce', 'Camargue', 'Verde', 2015),
(221, 'Rolls Royce', 'Camargue', 'Vermelho', 2015),
(222, 'Jaguar', 'XK', 'Preto', 2014),
(223, 'Jaguar', 'XK', 'Azul', 2014),
(224, 'Bentley', 'Continental', 'Vermelho', 2014),
(225, 'Bentley', 'Continental', 'Preto', 2014),
(226, 'TVR', 'Tuscan', 'Prata', 2015),
(227, 'Triumph', 'TR4', 'Púrpura', 2015);

-- --------------------------------------------------------

--
-- Estrutura da tabela `cliente`
--

DROP TABLE IF EXISTS `cliente`;
CREATE TABLE IF NOT EXISTS `cliente` (
  `id_Cliente` int(11) NOT NULL AUTO_INCREMENT,
  `nome_Cliente` varchar(100) NOT NULL,
  PRIMARY KEY (`id_Cliente`)
) ENGINE=MyISAM AUTO_INCREMENT=43 DEFAULT CHARSET=latin1;

--
-- Extraindo dados da tabela `cliente`
--

INSERT INTO `cliente` (`id_Cliente`, `nome_Cliente`) VALUES
(1, 'Aldo Motors'),
(2, 'Aldo Motors'),
(3, 'Honest John'),
(4, 'Bright Orange'),
(5, 'Aldo Motors'),
(6, 'Aldo Motors'),
(7, 'Honest John'),
(8, 'Bright Orange'),
(9, 'Aldo Motors'),
(10, 'Honest John'),
(11, 'Bright Orange'),
(12, 'Aldo Motors'),
(13, 'Honest John'),
(14, 'Bright Orange'),
(15, 'Wheels\'R\'Us'),
(16, 'Cut\'n\'Shut'),
(17, 'Les Arnaqueurs'),
(18, 'Rocky Riding'),
(19, 'Voitures Diplomatiques S.A.'),
(20, 'Crippen & Co'),
(21, 'Costa Del Speed'),
(22, 'Karz'),
(23, 'Olde Englande'),
(24, 'Impressive Wheels'),
(25, 'Smooth Riders'),
(26, 'Luxury Rentals'),
(27, 'Premium Motor Vehicles'),
(28, 'Chateau Moi'),
(29, 'Vive la Vitesse!'),
(30, 'Carosse Des Papes'),
(31, 'Three Country Cars'),
(32, 'Jungfrau'),
(33, 'Ambassador Cars'),
(34, 'Embassy Motors'),
(35, 'Style ‘N Ride'),
(36, 'Sporty Types Corp'),
(37, 'BritWheels'),
(38, 'Tweedy Wheels'),
(39, 'Union Jack Sports Cars'),
(40, 'British Luxury Automobile Corp'),
(41, 'Buckingham Palace Car Services'),
(42, 'Classy Car Sales');

-- --------------------------------------------------------

--
-- Estrutura da tabela `venda`
--

DROP TABLE IF EXISTS `venda`;
CREATE TABLE IF NOT EXISTS `venda` (
  `id_Venda` int(11) NOT NULL AUTO_INCREMENT,
  `Estado` varchar(50) NOT NULL,
  `Valor_Venda` double NOT NULL,
  `Valor_Custo` double NOT NULL,
  `Total_Desconto` double NOT NULL,
  `Custo_Entrega` double NOT NULL,
  `Custo_Mao` double NOT NULL,
  `Data_Compra` date NOT NULL,
  `id_Cliente` int(11) DEFAULT NULL,
  `id_Carro` int(11) DEFAULT NULL,
  PRIMARY KEY (`id_Venda`),
  KEY `cod_Cliente` (`id_Cliente`),
  KEY `cod_Carro` (`id_Carro`)
) ENGINE=MyISAM AUTO_INCREMENT=470 DEFAULT CHARSET=latin1;

--
-- Extraindo dados da tabela `venda`
--

INSERT INTO `venda` (`id_Venda`, `Estado`, `Valor_Venda`, `Valor_Custo`, `Total_Desconto`, `Custo_Entrega`, `Custo_Mao`, `Data_Compra`, `id_Cliente`, `id_Carro`) VALUES
(1, 'São Paulo', 95000, 50000, 500, 750, 750, '2012-10-04', 1, 2),
(2, 'São Paulo', 120000, 75000, 0, 1500, 550, '2012-01-01', 2, 3),
(3, 'São Paulo', 88000, 75000, 750, 1000, 550, '2012-02-02', 3, 4),
(4, 'São Paulo', 89000, 88000, 0, 1000, 550, '2012-03-03', 2, 5),
(5, 'São Paulo', 95000, 50000, 500, 750, 750, '2012-10-04', 1, 2),
(6, 'São Paulo', 120000, 75000, 0, 1500, 550, '2012-01-01', 2, 3),
(7, 'São Paulo', 88000, 75000, 750, 1000, 550, '2012-02-02', 3, 4),
(8, 'São Paulo', 89000, 88000, 0, 1000, 550, '2012-03-03', 2, 5),
(9, 'São Paulo', 95000, 50000, 500, 750, 750, '2012-10-04', 1, 2),
(10, 'São Paulo', 120000, 75000, 0, 1500, 550, '2012-01-01', 2, 3),
(11, 'São Paulo', 88000, 75000, 750, 1000, 550, '2012-02-02', 3, 4),
(12, 'São Paulo', 89000, 88000, 0, 1000, 550, '2012-03-03', 2, 5),
(13, 'São Paulo', 95000, 50000, 500, 750, 750, '2012-10-04', 1, 2),
(14, 'São Paulo', 120000, 75000, 0, 1500, 550, '2012-01-01', 2, 3),
(15, 'São Paulo', 88000, 75000, 750, 1000, 550, '2012-02-02', 3, 4),
(16, 'São Paulo', 89000, 88000, 0, 1000, 550, '2012-03-03', 2, 5),
(17, 'São Paulo', 92000, 62000, 0, 1500, 550, '2012-04-04', 4, 6),
(18, 'São Paulo', 102500, 125000, 0, 1000, 550, '2012-05-04', 5, 7),
(19, 'São Paulo', 110000, 56000, 750, 500, 550, '2012-06-04', 3, 8),
(20, 'Minas Gerais', 125000, 23500, 2500, 1000, 550, '2012-07-04', 6, 9),
(21, 'São Paulo', 130000, 15500, 0, 1000, 750, '2012-08-04', 1, 10),
(22, 'São Paulo', 75000, 75890, 0, 1000, 750, '2012-09-04', 1, 11),
(23, 'São Paulo', 68500, 99000, 0, 1000, 750, '2012-09-04', 1, 12),
(24, 'Minas Gerais', 95000, 125000, 0, 1500, 750, '2012-11-04', 6, 13),
(25, 'São Paulo', 155000, 125000, 0, 1500, 750, '2012-11-04', 4, 14),
(26, 'São Paulo', 95000, 155000, 5000, 1500, 570, '2012-12-04', 3, 15),
(27, 'São Paulo', 178500, 125000, 0, 1500, 570, '2012-12-04', 5, 16),
(28, 'Minas Gerais', 130000, 62000, 0, 1750, 570, '2013-01-02', 6, 17),
(29, 'São Paulo', 178500, 62000, 0, 1750, 654, '2013-02-02', 4, 18),
(30, 'São Paulo', 110000, 75890, 0, 990, 987, '2013-03-02', 5, 19),
(31, 'São Paulo', 130000, 62000, 0, 500, 654, '2013-04-02', 3, 20),
(32, 'São Paulo', 178500, 75890, 950, 1750, 321, '2013-05-02', 2, 21),
(33, 'São Paulo', 110000, 62000, 0, 1750, 951, '2013-06-02', 1, 22),
(34, 'São Paulo', 102500, 62000, 1750, 500, 987, '2013-07-02', 1, 23),
(35, 'São Paulo', 130000, 62000, 0, 1000, 750, '2013-08-02', 2, 24),
(36, 'São Paulo', 178500, 75890, 0, 450, 654, '2013-09-02', 3, 25),
(37, 'São Paulo', 178500, 75890, 0, 1750, 987, '2013-10-02', 4, 20),
(38, 'São Paulo', 130000, 75890, 750, 1750, 321, '2013-11-02', 5, 26),
(39, 'São Paulo', 178500, 62000, 0, 1750, 654, '2013-12-02', 4, 27),
(40, 'São Paulo', 178500, 75890, 0, 500, 987, '2013-01-02', 4, 28),
(41, 'São Paulo', 110000, 75890, 0, 500, 963, '2013-02-02', 5, 29),
(42, 'São Paulo', 178500, 75890, 0, 500, 852, '2013-03-02', 5, 30),
(43, 'São Paulo', 110000, 75890, 0, 0, 147, '2013-04-02', 3, 31),
(44, 'São Paulo', 102500, 75890, 0.01, 500, 852, '2013-05-02', 3, 32),
(45, 'São Paulo', 178500, 62000, 750, 450, 654, '2013-06-02', 2, 33),
(46, 'São Paulo', 124500, 62000, 1000, 450, 984, '2013-07-02', 1, 34),
(47, 'São Paulo', 130000, 62000, 1250, 450, 895, '2013-08-02', 1, 35),
(48, 'São Paulo', 110000, 62000, 0, 0, 486, '2013-09-02', 2, 33),
(49, 'São Paulo', 178500, 62000, 0, 450, 325, '2013-10-02', 3, 36),
(50, 'São Paulo', 130000, 125000, 0, 1750, 658, '2013-11-02', 4, 37),
(51, 'São Paulo', 110000, 125000, 0, 1750, 752, '2013-12-02', 5, 34),
(52, 'Rio de Janeiro', 44000, 25000, 500, 450, 486, '2012-01-01', 7, 38),
(53, 'Rio de Janeiro', 45000, 37500, 500, 450, 486, '2012-02-01', 7, 39),
(54, 'Espírito Santo', 39500, 25000, 500, 0, 486, '2012-03-01', 8, 40),
(55, 'Minas Gerais', 44000, 37500, 500, 500, 486, '2012-04-01', 6, 41),
(56, 'São Paulo', 44000, 25000, 500, 500, 486, '2012-05-01', 3, 42),
(57, 'São Paulo', 39500, 37500, 500, 500, 486, '2012-06-01', 2, 43),
(58, 'São Paulo', 44000, 25000, 500, 1750, 486, '2012-07-01', 4, 44),
(59, 'São Paulo', 110000, 50000, 750, 500, 486, '2012-08-01', 5, 45),
(60, 'Rio de Janeiro', 110000, 25000, 750, 1750, 987, '2012-09-01', 7, 40),
(61, 'Espírito Santo', 44000, 37500, 750, 1750, 987, '2012-10-01', 8, 37),
(62, 'São Paulo', 39500, 25000, 0, 500, 987, '2012-11-01', 1, 36),
(63, 'São Paulo', 44000, 37500, 0, 500, 987, '2012-12-01', 1, 46),
(64, 'São Paulo', 44000, 25000, 0, 1750, 987, '2013-01-02', 2, 47),
(65, 'São Paulo', 44000, 37500, 0, 500, 987, '2013-02-02', 3, 48),
(66, 'São Paulo', 39500, 25000, 750, 500, 987, '2013-03-02', 5, 49),
(67, 'São Paulo', 110000, 37500, 750, 500, 987, '2013-04-02', 4, 47),
(68, 'São Paulo', 44000, 25000, 750, 500, 987, '2013-05-02', 9, 47),
(69, 'Espírito Santo', 39500, 37500, 500, 450, 987, '2013-06-02', 8, 46),
(70, 'Rio de Janeiro', 39500, 25000, 500, 450, 750, '2013-07-02', 7, 45),
(71, 'São Paulo', 39500, 12500, 500, 450, 750, '2013-08-02', 9, 50),
(72, 'Minas Gerais', 39500, 25000, 500, 500, 750, '2013-09-02', 6, 51),
(73, 'São Paulo', 39500, 37500, 750, 500, 750, '2013-10-02', 4, 52),
(74, 'São Paulo', 39500, 25000, 750, 500, 1250, '2013-11-02', 4, 50),
(75, 'São Paulo', 39500, 37500, 750, 500, 1250, '2013-12-02', 5, 53),
(76, 'São Paulo', 39500, 25700, 750, 500, 1250, '2012-01-01', 5, 54),
(77, 'São Paulo', 44000, 25700, 750, 500, 1250, '2012-02-01', 3, 55),
(78, 'São Paulo', 44000, 25700, 750, 500, 987, '2012-03-01', 3, 56),
(79, 'São Paulo', 110000, 25700, 750, 775, 1250, '2012-04-01', 2, 57),
(80, 'São Paulo', 110000, 62000, 750, 775, 987, '2012-05-01', 2, 58),
(81, 'São Paulo', 110000, 62000, 500, 775, 1250, '2012-06-01', 1, 59),
(82, 'São Paulo', 110000, 25700, 500, 775, 987, '2012-07-01', 1, 60),
(83, 'Espírito Santo', 110000, 25700, 500, 775, 1250, '2012-08-01', 8, 61),
(84, 'Rio de Janeiro', 44000, 25700, 500, 775, 987, '2012-09-01', 7, 62),
(85, 'Minas Gerais', 110000, 62000, 500, 500, 1250, '2012-10-01', 6, 56),
(86, 'São Paulo', 44000, 62000, 500, 450, 987, '2012-11-01', 1, 56),
(87, 'São Paulo', 44000, 62000, 500, 450, 987, '2012-12-01', 2, 52),
(88, 'São Paulo', 110000, 25700, 500, 450, 1250, '2013-01-02', 3, 63),
(89, 'São Paulo', 110000, 25700, 500, 500, 750, '2013-02-02', 5, 64),
(90, 'São Paulo', 41250, 25700, 500, 775, 750, '2013-03-02', 4, 65),
(91, 'Minas Gerais', 110000, 25700, 500, 775, 750, '2013-04-02', 6, 66),
(92, 'São Paulo', 39500, 62000, 500, 775, 750, '2013-05-02', 9, 64),
(93, 'Rio de Janeiro', 39500, 62000, 500, 500, 486, '2013-06-02', 7, 67),
(94, 'São Paulo', 39500, 25700, 500, 500, 486, '2013-07-02', 1, 68),
(95, 'São Paulo', 41250, 62000, 500, 775, 486, '2013-08-02', 2, 66),
(96, 'Minas Gerais', 39500, 62000, 1250, 450, 486, '2013-09-02', 6, 62),
(97, 'São Paulo', 44000, 62000, 1000, 450, 486, '2013-10-02', 4, 69),
(98, 'São Paulo', 44000, 25700, 1000, 450, 486, '2013-11-02', 2, 63),
(99, 'São Paulo', 44000, 25700, 1000, 450, 486, '2013-12-02', 1, 70),
(100, 'Paraná', 29750, 37500, 150, 50, 486, '2013-01-02', 10, 71),
(101, 'Bahia', 41250, 37500, 150, 50, 325, '2013-02-02', 11, 72),
(102, 'Paraná', 39500, 37500, 150, 50, 325, '2013-03-02', 10, 45),
(103, 'Bahia', 29750, 37500, 150, 50, 325, '2013-04-02', 11, 73),
(104, 'Espírito Santo', 120000, 37500, 150, 50, 325, '2013-05-02', 8, 50),
(105, 'Rio de Janeiro', 29750, 37500, 150, 50, 325, '2013-06-02', 7, 70),
(106, 'São Paulo', 41250, 37500, 150, 50, 325, '2013-07-02', 2, 50),
(107, 'Minas Gerais', 29750, 37500, 150, 50, 325, '2013-08-02', 6, 71),
(108, 'São Paulo', 39500, 37500, 150, 50, 325, '2013-09-02', 4, 45),
(109, 'Rio de Janeiro', 41250, 37500, 150, 50, 325, '2013-10-02', 7, 70),
(110, 'São Paulo', 29750, 37500, 150, 50, 325, '2013-11-02', 4, 49),
(111, 'São Paulo', 41250, 37500, 150, 50, 325, '2013-12-02', 3, 74),
(112, 'São Paulo', 39500, 25700, 150, 50, 250, '2013-01-02', 12, 75),
(113, 'São Paulo', 39500, 25700, 150, 50, 250, '2013-02-02', 13, 51),
(114, 'São Paulo', 39500, 25700, 150, 50, 250, '2013-03-02', 12, 76),
(115, 'São Paulo', 39500, 62000, 150, 50, 250, '2013-04-02', 14, 49),
(116, 'São Paulo', 41250, 62000, 150, 50, 250, '2013-05-02', 15, 50),
(117, 'São Paulo', 41250, 25700, 150, 50, 250, '2013-06-02', 16, 77),
(118, 'São Paulo', 39500, 25700, 150, 50, 250, '2013-07-02', 15, 75),
(119, 'São Paulo', 39500, 25700, 150, 50, 250, '2013-08-02', 1, 50),
(120, 'São Paulo', 39500, 62000, 150, 50, 250, '2013-09-02', 2, 50),
(121, 'São Paulo', 39500, 25700, 150, 50, 250, '2013-10-02', 2, 75),
(122, 'São Paulo', 41250, 62000, 150, 50, 250, '2013-11-02', 3, 49),
(123, 'São Paulo', 41250, 62000, 150, 50, 250, '2013-12-02', 5, 49),
(124, 'São Paulo', 39500, 4500, 150, 50, 325, '2013-01-02', 4, 78),
(125, 'São Paulo', 39500, 8500, 150, 50, 325, '2013-02-02', 12, 76),
(126, 'São Paulo', 25250, 4500, 150, 50, 325, '2013-03-02', 4, 79),
(127, 'São Paulo', 22500, 8500, 150, 50, 325, '2013-04-02', 4, 77),
(128, 'São Paulo', 22500, 4500, 150, 50, 325, '2013-05-02', 5, 77),
(129, 'São Paulo', 22500, 8500, 150, 50, 325, '2013-06-02', 5, 77),
(130, 'São Paulo', 25250, 4500, 150, 50, 325, '2013-07-02', 3, 80),
(131, 'São Paulo', 22500, 8500, 150, 50, 325, '2013-08-02', 2, 76),
(132, 'São Paulo', 25250, 4500, 150, 50, 325, '2013-09-02', 1, 81),
(133, 'São Paulo', 22500, 8500, 150, 50, 325, '2013-10-02', 2, 79),
(134, 'São Paulo', 25250, 4500, 150, 50, 325, '2013-11-02', 3, 78),
(135, 'São Paulo', 22500, 4500, 150, 50, 325, '2013-12-02', 1, 76),
(136, 'São Paulo', 22500, 8500, 150, 50, 325, '2013-01-02', 15, 82),
(137, 'São Paulo', 25250, 17000, 150, 50, 325, '2013-02-02', 14, 83),
(138, 'São Paulo', 22500, 8500, 150, 50, 325, '2013-03-02', 2, 84),
(139, 'São Paulo', 22500, 17000, 150, 50, 325, '2013-04-02', 13, 85),
(140, 'São Paulo', 22500, 8500, 150, 50, 325, '2013-05-02', 3, 86),
(141, 'Paraná', 22500, 17000, 150, 50, 325, '2013-06-02', 10, 87),
(142, 'São Paulo', 25250, 17000, 150, 50, 325, '2013-07-02', 5, 88),
(143, 'São Paulo', 22500, 17000, 150, 50, 325, '2013-08-02', 4, 83),
(144, 'São Paulo', 25250, 17000, 150, 50, 325, '2013-09-02', 12, 89),
(145, 'São Paulo', 25250, 17000, 150, 50, 325, '2013-10-02', 13, 90),
(146, 'São Paulo', 25250, 17000, 150, 50, 325, '2013-11-02', 5, 91),
(147, 'São Paulo', 25250, 17000, 150, 50, 450, '2013-12-02', 3, 85),
(148, 'Minas Gerais', 74500, 31125, 500, 975, 1250, '2013-01-09', 17, 92),
(149, 'Minas Gerais', 69250, 17500, 1250, 975, 1250, '2013-01-10', 18, 93),
(150, 'Minas Gerais', 22750, 22500, 500, 975, 950, '2013-02-11', 19, 94),
(151, 'Espírito Santo', 37000, 17500, 1000, 975, 1250, '2013-03-12', 20, 95),
(152, 'Espírito Santo', 74500, 31125, 750, 975, 1250, '2013-03-13', 21, 96),
(153, 'Minas Gerais', 45800, 17500, 1000, 975, 950, '2013-03-14', 17, 91),
(154, 'Minas Gerais', 22750, 22500, 2500, 350, 1250, '2013-04-15', 18, 97),
(155, 'Minas Gerais', 45800, 17500, 1250, 350, 1250, '2013-04-16', 19, 98),
(156, 'Espírito Santo', 37000, 17500, 1000, 350, 1250, '2013-05-17', 20, 91),
(157, 'Espírito Santo', 45800, 17500, 500, 975, 1250, '2013-05-18', 21, 92),
(158, 'Minas Gerais', 37690, 22500, 1000, 975, 950, '2013-05-19', 17, 99),
(159, 'Minas Gerais', 74500, 17500, 2500, 975, 1250, '2013-06-20', 18, 93),
(160, 'Minas Gerais', 45800, 17500, 1250, 975, 1250, '2013-07-21', 19, 18),
(161, 'Espírito Santo', 37000, 22500, 1000, 275, 1250, '2013-07-22', 20, 100),
(162, 'Espírito Santo', 37690, 17500, 1250, 275, 1250, '2013-09-23', 21, 101),
(163, 'Espírito Santo', 69250, 17500, 500, 275, 950, '2013-10-24', 21, 18),
(164, 'Minas Gerais', 37690, 31125, 1000, 975, 1250, '2013-11-25', 18, 102),
(165, 'Espírito Santo', 74500, 17500, 750, 975, 1250, '2013-11-26', 21, 97),
(166, 'Minas Gerais', 37690, 17500, 500, 975, 1250, '2013-11-27', 19, 103),
(167, 'São Paulo', 97750, 55000, 550, 725, 750, '2014-10-04', 1, 104),
(168, 'São Paulo', 122750, 80000, 50, 1475, 550, '2014-01-01', 2, 105),
(169, 'São Paulo', 90750, 80000, 800, 975, 550, '2014-02-02', 3, 106),
(170, 'São Paulo', 91750, 93000, 50, 975, 550, '2014-03-03', 2, 107),
(171, 'São Paulo', 94750, 67000, 50, 1475, 550, '2014-04-04', 4, 102),
(172, 'São Paulo', 105250, 130000, 50, 975, 550, '2014-05-04', 5, 108),
(173, 'São Paulo', 112750, 61000, 800, 475, 550, '2014-06-04', 3, 109),
(174, 'Minas Gerais', 127750, 28500, 2550, 975, 550, '2014-07-04', 6, 110),
(175, 'São Paulo', 132750, 20500, 50, 975, 750, '2014-08-04', 1, 111),
(176, 'São Paulo', 77750, 80890, 50, 975, 750, '2014-09-04', 1, 112),
(177, 'Minas Gerais', 71250, 104000, 50, 1475, 750, '2014-11-04', 6, 113),
(178, 'São Paulo', 97750, 130000, 50, 1475, 750, '2014-11-04', 4, 114),
(179, 'São Paulo', 157750, 130000, 5050, 1475, 750, '2014-12-04', 3, 115),
(180, 'São Paulo', 97750, 160000, 50, 1475, 570, '2014-12-04', 5, 116),
(181, 'Minas Gerais', 181250, 130000, 50, 1725, 570, '2015-01-02', 6, 117),
(182, 'São Paulo', 132750, 67000, 50, 1725, 570, '2015-02-02', 4, 118),
(183, 'São Paulo', 181250, 67000, 50, 965, 654, '2015-03-02', 5, 119),
(184, 'São Paulo', 112750, 80890, 50, 475, 987, '2015-04-02', 3, 120),
(185, 'São Paulo', 132750, 67000, 1000, 1725, 654, '2015-05-02', 2, 121),
(186, 'São Paulo', 181250, 80890, 50, 1725, 321, '2015-06-02', 1, 122),
(187, 'São Paulo', 112750, 67000, 1800, 475, 951, '2015-07-02', 1, 123),
(188, 'São Paulo', 105250, 67000, 50, 975, 987, '2015-08-02', 2, 124),
(189, 'São Paulo', 132750, 67000, 50, 425, 750, '2015-09-02', 3, 125),
(190, 'São Paulo', 181250, 80890, 50, 1725, 654, '2015-10-02', 4, 126),
(191, 'São Paulo', 181250, 80890, 800, 1725, 987, '2015-11-02', 5, 127),
(192, 'São Paulo', 132750, 80890, 50, 1725, 321, '2015-12-02', 4, 128),
(193, 'São Paulo', 181250, 67000, 50, 475, 654, '2015-01-02', 4, 129),
(194, 'São Paulo', 181250, 80890, 50, 475, 987, '2015-02-02', 5, 130),
(195, 'São Paulo', 112750, 80890, 50, 475, 963, '2015-03-02', 5, 131),
(196, 'São Paulo', 181250, 80890, 50, 50, 852, '2015-04-02', 3, 132),
(197, 'São Paulo', 112750, 80890, 50.01, 475, 147, '2015-05-02', 3, 133),
(198, 'São Paulo', 105250, 80890, 800, 425, 852, '2015-06-02', 2, 134),
(199, 'São Paulo', 181250, 67000, 1050, 425, 654, '2015-07-02', 1, 135),
(200, 'São Paulo', 127250, 67000, 1300, 425, 984, '2015-08-02', 1, 136),
(201, 'São Paulo', 132750, 67000, 50, 75, 895, '2015-09-02', 2, 137),
(202, 'São Paulo', 112750, 67000, 50, 425, 486, '2015-10-02', 3, 138),
(203, 'São Paulo', 181250, 67000, 50, 1725, 325, '2015-11-02', 4, 139),
(204, 'São Paulo', 132750, 130000, 50, 1725, 658, '2015-12-02', 5, 140),
(205, 'Rio de Janeiro', 112750, 130000, 550, 425, 752, '2014-01-01', 7, 141),
(206, 'Rio de Janeiro', 46750, 30000, 550, 425, 486, '2014-02-01', 7, 142),
(207, 'Espírito Santo', 47750, 42500, 550, 75, 486, '2014-03-01', 8, 143),
(208, 'Minas Gerais', 42250, 30000, 550, 475, 486, '2014-04-01', 6, 144),
(209, 'São Paulo', 46750, 42500, 550, 475, 486, '2014-05-01', 3, 145),
(210, 'São Paulo', 46750, 30000, 550, 475, 486, '2014-06-01', 2, 146),
(211, 'São Paulo', 42250, 42500, 550, 1725, 486, '2014-07-01', 4, 143),
(212, 'São Paulo', 46750, 30000, 800, 475, 486, '2014-08-01', 5, 147),
(213, 'Rio de Janeiro', 112750, 55000, 800, 1725, 486, '2014-09-01', 7, 148),
(214, 'Espírito Santo', 112750, 30000, 800, 1725, 987, '2014-10-01', 8, 144),
(215, 'São Paulo', 46750, 42500, 50, 475, 987, '2014-11-01', 1, 141),
(216, 'São Paulo', 42250, 30000, 50, 475, 987, '2014-12-01', 1, 140),
(217, 'São Paulo', 46750, 42500, 50, 1725, 987, '2015-01-02', 2, 149),
(218, 'São Paulo', 46750, 30000, 50, 475, 987, '2015-02-02', 3, 150),
(219, 'São Paulo', 46750, 42500, 800, 475, 987, '2015-03-02', 5, 151),
(220, 'São Paulo', 42250, 30000, 800, 475, 987, '2015-04-02', 4, 152),
(221, 'São Paulo', 112750, 42500, 800, 475, 987, '2015-05-02', 9, 150),
(222, 'Espírito Santo', 46750, 30000, 550, 425, 987, '2015-06-02', 8, 150),
(223, 'Rio de Janeiro', 42250, 42500, 550, 425, 987, '2015-07-02', 7, 149),
(224, 'São Paulo', 42250, 30000, 550, 425, 750, '2015-08-02', 9, 148),
(225, 'Minas Gerais', 42250, 17500, 550, 475, 750, '2015-09-02', 6, 153),
(226, 'São Paulo', 42250, 30000, 800, 475, 750, '2015-10-02', 4, 147),
(227, 'São Paulo', 42250, 42500, 800, 475, 750, '2015-11-02', 4, 147),
(228, 'São Paulo', 42250, 30000, 800, 475, 1250, '2015-12-02', 5, 147),
(229, 'São Paulo', 42250, 42500, 800, 475, 1250, '2014-01-01', 5, 141),
(230, 'São Paulo', 42250, 30700, 800, 475, 1250, '2014-02-01', 3, 154),
(231, 'São Paulo', 46750, 30700, 800, 475, 1250, '2014-03-01', 3, 155),
(232, 'São Paulo', 46750, 30700, 800, 750, 987, '2014-04-01', 2, 156),
(233, 'São Paulo', 112750, 30700, 800, 750, 1250, '2014-05-01', 2, 157),
(234, 'São Paulo', 112750, 67000, 550, 750, 987, '2014-06-01', 1, 158),
(235, 'São Paulo', 112750, 67000, 550, 750, 1250, '2014-07-01', 1, 156),
(236, 'Espírito Santo', 112750, 30700, 550, 750, 987, '2014-08-01', 8, 159),
(237, 'Rio de Janeiro', 112750, 30700, 550, 750, 1250, '2014-09-01', 7, 160),
(238, 'Minas Gerais', 46750, 30700, 550, 475, 987, '2014-10-01', 6, 161),
(239, 'São Paulo', 112750, 67000, 550, 425, 1250, '2014-11-01', 1, 156),
(240, 'São Paulo', 46750, 67000, 550, 425, 987, '2014-12-01', 2, 156),
(241, 'São Paulo', 46750, 67000, 550, 425, 987, '2015-01-02', 3, 162),
(242, 'São Paulo', 112750, 30700, 550, 475, 1250, '2015-02-02', 5, 160),
(243, 'São Paulo', 112750, 30700, 550, 750, 750, '2015-03-02', 4, 163),
(244, 'Minas Gerais', 44000, 30700, 550, 750, 750, '2015-04-02', 6, 164),
(245, 'São Paulo', 112750, 30700, 550, 750, 750, '2015-05-02', 9, 165),
(246, 'Rio de Janeiro', 42250, 67000, 550, 475, 750, '2015-06-02', 7, 163),
(247, 'São Paulo', 42250, 67000, 550, 475, 486, '2015-07-02', 1, 166),
(248, 'São Paulo', 42250, 30700, 550, 750, 486, '2015-08-02', 2, 167),
(249, 'Minas Gerais', 44000, 67000, 1300, 425, 486, '2015-09-02', 6, 165),
(250, 'São Paulo', 42250, 67000, 1050, 425, 486, '2015-10-02', 4, 161),
(251, 'São Paulo', 46750, 67000, 1050, 425, 486, '2015-11-02', 2, 168),
(252, 'São Paulo', 46750, 30700, 1050, 425, 486, '2015-12-02', 1, 162),
(253, 'Paraná', 46750, 30700, 200, 25, 486, '2015-01-02', 10, 169),
(254, 'Bahia', 32500, 42500, 200, 25, 486, '2015-02-02', 11, 170),
(255, 'Paraná', 44000, 42500, 200, 25, 325, '2015-03-02', 10, 171),
(256, 'Bahia', 42250, 42500, 200, 25, 325, '2015-04-02', 11, 148),
(257, 'Espírito Santo', 32500, 42500, 200, 25, 325, '2015-05-02', 8, 172),
(258, 'Rio de Janeiro', 122750, 42500, 200, 25, 325, '2015-06-02', 7, 147),
(259, 'São Paulo', 32500, 42500, 200, 25, 325, '2015-07-02', 2, 169),
(260, 'Minas Gerais', 44000, 42500, 200, 25, 325, '2015-08-02', 6, 147),
(261, 'São Paulo', 32500, 42500, 200, 25, 325, '2015-09-02', 4, 170),
(262, 'Rio de Janeiro', 42250, 42500, 200, 25, 325, '2015-10-02', 7, 168),
(263, 'São Paulo', 44000, 42500, 200, 25, 325, '2015-11-02', 4, 169),
(264, 'São Paulo', 32500, 42500, 200, 25, 325, '2015-12-02', 3, 173),
(265, 'São Paulo', 44000, 42500, 200, 25, 325, '2015-01-02', 12, 174),
(266, 'São Paulo', 42250, 30700, 200, 25, 250, '2015-02-02', 13, 175),
(267, 'São Paulo', 42250, 30700, 200, 25, 250, '2015-03-02', 12, 176),
(268, 'São Paulo', 42250, 30700, 200, 25, 250, '2015-04-02', 14, 177),
(269, 'São Paulo', 42250, 67000, 200, 25, 250, '2015-05-02', 15, 168),
(270, 'São Paulo', 44000, 67000, 200, 25, 250, '2015-06-02', 16, 147),
(271, 'São Paulo', 44000, 30700, 200, 25, 250, '2015-07-02', 15, 178),
(272, 'São Paulo', 42250, 30700, 200, 25, 250, '2015-08-02', 1, 176),
(273, 'São Paulo', 42250, 30700, 200, 25, 250, '2015-09-02', 2, 147),
(274, 'São Paulo', 42250, 67000, 200, 25, 250, '2015-10-02', 2, 147),
(275, 'São Paulo', 42250, 30700, 200, 25, 250, '2015-11-02', 3, 176),
(276, 'São Paulo', 44000, 67000, 200, 25, 250, '2015-12-02', 5, 171),
(277, 'São Paulo', 44000, 67000, 200, 25, 250, '2015-01-02', 4, 171),
(278, 'São Paulo', 42250, 9500, 200, 25, 325, '2015-02-02', 12, 179),
(279, 'São Paulo', 42250, 13500, 200, 25, 325, '2015-03-02', 4, 180),
(280, 'São Paulo', 28000, 9500, 200, 25, 325, '2015-04-02', 4, 177),
(281, 'São Paulo', 25250, 13500, 200, 25, 325, '2015-05-02', 5, 177),
(282, 'São Paulo', 25250, 9500, 200, 50, 325, '2015-06-02', 5, 177),
(283, 'São Paulo', 25250, 13500, 200, 25, 325, '2015-07-02', 3, 177),
(284, 'São Paulo', 28000, 9500, 200, 25, 325, '2015-08-02', 2, 181),
(285, 'São Paulo', 25250, 13500, 200, 25, 325, '2015-09-02', 1, 178),
(286, 'São Paulo', 28000, 9500, 200, 50, 325, '2015-10-02', 2, 182),
(287, 'São Paulo', 25250, 13500, 200, 25, 325, '2015-11-02', 3, 180),
(288, 'São Paulo', 28000, 9500, 200, 25, 325, '2015-12-02', 1, 179),
(289, 'São Paulo', 25250, 9500, 200, 25, 325, '2015-01-02', 15, 178),
(290, 'São Paulo', 25250, 13500, 200, 25, 325, '2015-02-02', 14, 183),
(291, 'São Paulo', 28000, 22000, 200, 25, 325, '2015-03-02', 2, 184),
(292, 'São Paulo', 25250, 13500, 200, 50, 325, '2015-04-02', 13, 185),
(293, 'São Paulo', 25250, 22000, 200, 25, 325, '2015-05-02', 3, 186),
(294, 'Paraná', 25250, 13500, 200, 25, 325, '2015-06-02', 10, 187),
(295, 'São Paulo', 25250, 22000, 200, 25, 325, '2015-07-02', 5, 188),
(296, 'São Paulo', 28000, 22000, 200, 50, 325, '2015-08-02', 4, 189),
(297, 'São Paulo', 25250, 22000, 200, 25, 325, '2015-09-02', 12, 184),
(298, 'São Paulo', 28000, 22000, 200, 25, 325, '2015-10-02', 13, 190),
(299, 'São Paulo', 28000, 22000, 200, 25, 325, '2015-11-02', 5, 191),
(300, 'São Paulo', 28000, 22000, 200, 25, 325, '2015-12-02', 3, 192),
(301, 'Minas Gerais', 28000, 22000, 550, 950, 450, '2015-01-09', 17, 186),
(302, 'Minas Gerais', 77250, 36125, 1300, 950, 1250, '2015-01-10', 18, 193),
(303, 'Minas Gerais', 72000, 22500, 550, 950, 1250, '2015-02-11', 19, 194),
(304, 'Espírito Santo', 25500, 27500, 1050, 950, 950, '2015-03-12', 20, 195),
(305, 'Espírito Santo', 39750, 22500, 800, 950, 1250, '2015-03-13', 21, 196),
(306, 'Minas Gerais', 77250, 36125, 1050, 950, 1250, '2015-03-14', 17, 197),
(307, 'Minas Gerais', 48550, 22500, 2550, 325, 950, '2015-04-15', 18, 192),
(308, 'Minas Gerais', 25500, 27500, 1300, 325, 1250, '2015-04-16', 19, 119),
(309, 'Espírito Santo', 48550, 22500, 1050, 325, 1250, '2015-05-17', 20, 198),
(310, 'Espírito Santo', 39750, 22500, 550, 950, 1250, '2015-05-18', 21, 192),
(311, 'Minas Gerais', 48550, 22500, 1050, 0, 1250, '2015-05-19', 17, 193),
(312, 'Minas Gerais', 40440, 27500, 2550, 950, 950, '2015-06-20', 18, 199),
(313, 'Minas Gerais', 77250, 22500, 1300, 950, 1250, '2015-07-21', 19, 194),
(314, 'Espírito Santo', 48550, 22500, 1050, 250, 1250, '2015-07-22', 20, 124),
(315, 'Espírito Santo', 39750, 27500, 1300, 0, 1250, '2015-09-23', 21, 200),
(316, 'Espírito Santo', 40440, 22500, 550, 250, 1250, '2015-10-24', 21, 201),
(317, 'Minas Gerais', 72000, 22500, 1050, 0, 950, '2015-11-25', 18, 202),
(318, 'Espírito Santo', 40440, 36125, 800, 950, 1250, '2015-11-26', 21, 203),
(319, 'Minas Gerais', 77250, 22500, 550, 950, 1250, '2015-11-27', 19, 197),
(320, 'Rio de Janeiro', 40440, 22500, 550, 650, 1250, '2014-10-04', 22, 110),
(321, 'Rio de Janeiro', 97750, 55000, 550, 650, 750, '2014-10-04', 22, 102),
(322, 'Rio de Janeiro', 122750, 80000, 50, 1400, 550, '2014-01-01', 23, 109),
(323, 'Rio de Janeiro', 90750, 80000, 800, 900, 550, '2014-02-02', 24, 106),
(324, 'Rio de Janeiro', 91750, 93000, 50, 900, 550, '2014-03-03', 23, 204),
(325, 'Rio de Janeiro', 94750, 67000, 50, 1400, 550, '2014-04-04', 25, 102),
(326, 'Rio de Janeiro', 105250, 130000, 50, 900, 550, '2014-05-04', 26, 106),
(327, 'Rio de Janeiro', 112750, 61000, 800, 400, 550, '2014-06-04', 24, 205),
(328, 'Rio de Janeiro', 127750, 28500, 2550, 900, 550, '2014-07-04', 27, 206),
(329, 'Rio de Janeiro', 132750, 20500, 50, 900, 750, '2014-08-04', 22, 109),
(330, 'Rio de Janeiro', 77750, 80890, 150, 900, 750, '2014-09-04', 22, 110),
(331, 'Rio de Janeiro', 71250, 104000, 50, 1400, 750, '2014-11-04', 27, 109),
(332, 'Rio de Janeiro', 97750, 130000, 50, 1400, 750, '2014-11-04', 25, 110),
(333, 'Rio de Janeiro', 157750, 130000, 5050, 1400, 750, '2014-12-04', 24, 110),
(334, 'Rio de Janeiro', 97750, 160000, 50, 1400, 570, '2014-12-04', 26, 207),
(335, 'Rio de Janeiro', 181250, 130000, 50, 1650, 570, '2015-01-02', 27, 201),
(336, 'Rio de Janeiro', 132750, 67000, 50, 1650, 570, '2015-02-02', 25, 195),
(337, 'Rio de Janeiro', 181250, 67000, 50, 890, 654, '2015-03-02', 26, 195),
(338, 'Rio de Janeiro', 112750, 80890, 50, 400, 987, '2015-04-02', 24, 208),
(339, 'Rio de Janeiro', 132750, 67000, 1000, 1650, 654, '2015-05-02', 23, 119),
(340, 'Rio de Janeiro', 181250, 80890, 50, 1650, 321, '2015-06-02', 22, 209),
(341, 'Rio de Janeiro', 112750, 67000, 1800, 400, 951, '2015-07-02', 22, 207),
(342, 'Rio de Janeiro', 105250, 67000, 50, 900, 987, '2015-08-02', 23, 119),
(343, 'Rio de Janeiro', 132750, 67000, 50, 350, 750, '2015-09-02', 24, 206),
(344, 'Rio de Janeiro', 181250, 80890, 50, 1650, 654, '2015-10-02', 25, 124),
(345, 'Rio de Janeiro', 181250, 80890, 800, 1650, 987, '2015-11-02', 26, 119),
(346, 'Rio de Janeiro', 132750, 80890, 50, 1650, 321, '2015-12-02', 25, 207),
(347, 'Rio de Janeiro', 181250, 67000, 50, 400, 654, '2015-01-02', 25, 206),
(348, 'Rio de Janeiro', 181250, 80890, 50, 400, 987, '2015-02-02', 26, 128),
(349, 'Rio de Janeiro', 112750, 80890, 50, 400, 963, '2015-03-02', 26, 130),
(350, 'Rio de Janeiro', 181250, 80890, 50, 50, 852, '2015-04-02', 24, 130),
(351, 'Rio de Janeiro', 112750, 80890, 45, 400, 147, '2015-05-02', 22, 136),
(352, 'Rio de Janeiro', 105250, 80890, 800, 350, 852, '2015-06-02', 23, 135),
(353, 'Rio de Janeiro', 181250, 67000, 500, 350, 654, '2015-07-02', 24, 135),
(354, 'Rio de Janeiro', 127250, 67000, 1300, 350, 984, '2015-08-02', 25, 201),
(355, 'Rio de Janeiro', 132750, 67000, 50, 0, 895, '2015-09-02', 26, 135),
(356, 'Rio de Janeiro', 112750, 67000, 50, 350, 486, '2015-10-02', 25, 136),
(357, 'Rio de Janeiro', 181250, 67000, 50, 1650, 325, '2015-11-02', 25, 199),
(358, 'Rio de Janeiro', 132750, 130000, 50, 1650, 658, '2015-12-02', 26, 199),
(359, 'Rio de Janeiro', 112750, 130000, 550, 350, 752, '2014-01-01', 22, 204),
(360, 'Rio de Janeiro', 46750, 30000, 550, 350, 486, '2014-02-01', 22, 140),
(361, 'Rio de Janeiro', 47750, 42500, 50, 0, 486, '2014-03-01', 22, 145),
(362, 'Rio de Janeiro', 42250, 30000, 50, 400, 486, '2014-04-01', 22, 210),
(363, 'Rio de Janeiro', 46750, 42500, 50, 400, 486, '2014-05-01', 24, 143),
(364, 'Rio de Janeiro', 46750, 30000, 550, 400, 486, '2014-06-01', 25, 143),
(365, 'Rio de Janeiro', 42250, 42500, 550, 1650, 486, '2014-07-01', 26, 143),
(366, 'Rio de Janeiro', 46750, 30000, 800, 400, 486, '2014-08-01', 25, 145),
(367, 'Rio de Janeiro', 112750, 55000, 650, 1650, 486, '2014-09-01', 25, 211),
(368, 'Rio de Janeiro', 112750, 30000, 800, 1650, 987, '2014-10-01', 26, 143),
(369, 'Rio de Janeiro', 46750, 42500, 50, 400, 987, '2014-11-01', 26, 145),
(370, 'Rio de Janeiro', 42250, 30000, 50, 400, 987, '2014-12-01', 22, 140),
(371, 'Rio de Janeiro', 46750, 42500, 50, 1650, 987, '2015-01-02', 23, 147),
(372, 'Rio de Janeiro', 46750, 30000, 50, 400, 987, '2015-02-02', 24, 148),
(373, 'Rio de Janeiro', 46750, 42500, 800, 400, 987, '2015-03-02', 26, 149),
(374, 'Rio de Janeiro', 42250, 30000, 650, 400, 987, '2015-04-02', 25, 168),
(375, 'Rio de Janeiro', 112750, 42500, 650, 400, 987, '2015-05-02', 28, 168),
(376, 'Rio de Janeiro', 46750, 30000, 550, 350, 987, '2015-06-02', 29, 168),
(377, 'Rio de Janeiro', 42250, 42500, 550, 350, 987, '2015-07-02', 30, 149),
(378, 'Rio de Janeiro', 42250, 30000, 550, 350, 750, '2015-08-02', 28, 148),
(379, 'Rio de Janeiro', 42250, 17500, 550, 400, 750, '2015-09-02', 27, 151),
(380, 'Rio de Janeiro', 42250, 30000, 650, 400, 750, '2015-10-02', 25, 147),
(381, 'Rio de Janeiro', 42250, 42500, 800, 400, 750, '2015-11-02', 25, 147),
(382, 'Rio de Janeiro', 42250, 30000, 800, 400, 1250, '2015-12-02', 26, 147),
(383, 'Rio de Janeiro', 42250, 42500, 650, 400, 1250, '2014-01-01', 26, 145),
(384, 'Rio de Janeiro', 42250, 30700, 800, 400, 1250, '2014-02-01', 24, 152),
(385, 'Rio de Janeiro', 46750, 30700, 800, 400, 1250, '2014-03-01', 24, 156),
(386, 'Rio de Janeiro', 46750, 30700, 650, 675, 987, '2014-04-01', 23, 212),
(387, 'Rio de Janeiro', 112750, 30700, 800, 675, 1250, '2014-05-01', 23, 210),
(388, 'Rio de Janeiro', 112750, 67000, 550, 675, 987, '2014-06-01', 22, 156),
(389, 'Rio de Janeiro', 112750, 67000, 550, 675, 1250, '2014-07-01', 22, 156),
(390, 'Rio de Janeiro', 112750, 30700, 550, 675, 987, '2014-08-01', 29, 157),
(391, 'Rio de Janeiro', 112750, 30700, 550, 675, 1250, '2014-09-01', 30, 213),
(392, 'Rio de Janeiro', 46750, 30700, 550, 400, 987, '2014-10-01', 27, 156),
(393, 'Rio de Janeiro', 112750, 67000, 550, 350, 1250, '2014-11-01', 22, 156),
(394, 'Rio de Janeiro', 46750, 67000, 550, 350, 987, '2014-12-01', 23, 156),
(395, 'Rio de Janeiro', 46750, 67000, 400, 350, 987, '2015-01-02', 24, 160),
(396, 'Rio de Janeiro', 112750, 30700, 550, 400, 1250, '2015-02-02', 26, 160),
(397, 'Rio de Janeiro', 112750, 30700, 400, 675, 750, '2015-03-02', 25, 161),
(398, 'Rio de Janeiro', 44000, 30700, 550, 675, 750, '2015-04-02', 27, 160),
(399, 'Rio de Janeiro', 112750, 30700, 550, 675, 750, '2015-05-02', 28, 164),
(400, 'Rio de Janeiro', 42250, 67000, 400, 400, 750, '2015-06-02', 30, 164),
(401, 'Rio de Janeiro', 42250, 67000, 550, 400, 486, '2015-07-02', 22, 164),
(402, 'Rio de Janeiro', 42250, 30700, 550, 675, 486, '2015-08-02', 23, 165),
(403, 'Rio de Janeiro', 44000, 67000, 1300, 350, 486, '2015-09-02', 27, 165),
(404, 'Rio de Janeiro', 42250, 67000, 1050, 350, 486, '2015-10-02', 25, 161),
(405, 'Rio de Janeiro', 46750, 67000, 1050, 350, 486, '2015-11-02', 23, 166),
(406, 'Rio de Janeiro', 46750, 30700, 1050, 350, 486, '2015-12-02', 22, 160),
(407, 'Rio de Janeiro', 32500, 42500, 200, -50, 486, '2015-02-02', 31, 168),
(408, 'Rio de Janeiro', 42250, 42500, 200, -50, 325, '2015-04-02', 31, 148),
(409, 'Rio de Janeiro', 32500, 42500, 200, -50, 325, '2015-05-02', 29, 214),
(410, 'Rio de Janeiro', 122750, 42500, 350, -50, 325, '2015-06-02', 30, 147),
(411, 'Rio de Janeiro', 32500, 42500, 200, -50, 325, '2015-07-02', 23, 169),
(412, 'Rio de Janeiro', 44000, 42500, 200, -50, 325, '2015-08-02', 27, 147),
(413, 'Rio de Janeiro', 32500, 42500, 200, -50, 325, '2015-09-02', 25, 212),
(414, 'Rio de Janeiro', 42250, 42500, 350, -50, 325, '2015-10-02', 30, 168),
(415, 'Rio de Janeiro', 44000, 42500, 200, -50, 325, '2015-11-02', 25, 169),
(416, 'Rio de Janeiro', 32500, 42500, 350, -50, 325, '2015-12-02', 24, 171),
(417, 'Rio de Janeiro', 44000, 42500, 200, -50, 325, '2015-01-02', 26, 171),
(418, 'Rio de Janeiro', 42250, 30700, 200, -50, 250, '2015-02-02', 26, 149),
(419, 'Rio de Janeiro', 42250, 30700, 200, -50, 250, '2015-03-02', 26, 148),
(420, 'Rio de Janeiro', 42250, 30700, 200, -50, 250, '2015-04-02', 26, 151),
(421, 'Rio de Janeiro', 42250, 67000, 200, -50, 250, '2015-05-02', 26, 168),
(422, 'Rio de Janeiro', 44000, 67000, 200, -50, 250, '2015-06-02', 26, 147),
(423, 'Rio de Janeiro', 44000, 30700, 350, -50, 250, '2015-07-02', 26, 147),
(424, 'Rio de Janeiro', 42250, 30700, 200, -50, 250, '2015-08-02', 22, 147),
(425, 'Rio de Janeiro', 42250, 30700, 200, -50, 250, '2015-09-02', 23, 147),
(426, 'Rio de Janeiro', 42250, 67000, 200, -50, 250, '2015-10-02', 23, 147),
(427, 'Rio de Janeiro', 42250, 30700, 350, -50, 250, '2015-11-02', 24, 147),
(428, 'Rio de Janeiro', 44000, 67000, 200, -50, 250, '2015-12-02', 26, 171),
(429, 'Rio de Janeiro', 44000, 67000, 150, -50, 250, '2015-01-02', 25, 171),
(430, 'Rio de Janeiro', 42250, 9500, 200, -50, 325, '2015-02-02', 29, 177),
(431, 'Rio de Janeiro', 42250, 13500, 150, -50, 325, '2015-03-02', 25, 178),
(432, 'Rio de Janeiro', 28000, 9500, 350, -50, 325, '2015-04-02', 25, 177),
(433, 'Rio de Janeiro', 25250, 13500, 200, -50, 325, '2015-05-02', 26, 177),
(434, 'Rio de Janeiro', 25250, 9500, 200, 50, 325, '2015-06-02', 26, 177),
(435, 'Rio de Janeiro', 25250, 13500, 150, -50, 325, '2015-07-02', 24, 177),
(436, 'Rio de Janeiro', 28000, 9500, 350, -50, 325, '2015-08-02', 23, 179),
(437, 'Rio de Janeiro', 25250, 13500, 200, -50, 325, '2015-09-02', 22, 178),
(438, 'Rio de Janeiro', 28000, 9500, 200, 50, 325, '2015-10-02', 23, 180),
(439, 'Rio de Janeiro', 25250, 13500, 200, -50, 325, '2015-11-02', 24, 180),
(440, 'Rio de Janeiro', 28000, 9500, 200, -50, 325, '2015-12-02', 22, 179),
(441, 'Rio de Janeiro', 25250, 9500, 150, -50, 325, '2015-01-02', 28, 178),
(442, 'Rio de Janeiro', 25250, 13500, 200, -50, 325, '2015-02-02', 28, 181),
(443, 'Rio de Janeiro', 28000, 22000, 200, -50, 325, '2015-03-02', 23, 215),
(444, 'Rio de Janeiro', 25250, 22000, 200, -50, 325, '2015-05-02', 24, 184),
(445, 'Rio de Janeiro', 25250, 22000, 200, -50, 325, '2015-07-02', 26, 185),
(446, 'Rio de Janeiro', 28000, 22000, 200, 50, 325, '2015-08-02', 25, 184),
(447, 'Rio de Janeiro', 25250, 22000, 200, -50, 325, '2015-09-02', 24, 184),
(448, 'Rio de Janeiro', 28000, 22000, 200, -50, 325, '2015-10-02', 22, 188),
(449, 'Rio de Janeiro', 28000, 22000, 200, -50, 325, '2015-11-02', 31, 188),
(450, 'Rio de Janeiro', 28000, 22000, 200, -50, 325, '2015-12-02', 29, 190),
(451, 'Rio de Janeiro', 28000, 22000, 550, 875, 450, '2015-01-09', 23, 185),
(452, 'Rio de Janeiro', 77250, 36125, 1300, 875, 1250, '2015-01-10', 26, 199),
(453, 'Rio de Janeiro', 72000, 22500, 550, 875, 1250, '2015-02-11', 24, 136),
(454, 'Rio de Janeiro', 25500, 27500, 1050, 875, 950, '2015-03-12', 31, 201),
(455, 'Rio de Janeiro', 39750, 22500, 800, 875, 1250, '2015-03-13', 24, 135),
(456, 'Rio de Janeiro', 77250, 36125, 1050, 875, 1250, '2015-03-14', 24, 195),
(457, 'Rio de Janeiro', 48550, 22500, 2550, 250, 950, '2015-04-15', 24, 136),
(458, 'Rio de Janeiro', 25500, 27500, 1300, 250, 1250, '2015-04-16', 24, 119),
(459, 'Rio de Janeiro', 48550, 22500, 1050, 250, 1250, '2015-05-17', 22, 199),
(460, 'Rio de Janeiro', 39750, 22500, 550, 875, 1250, '2015-05-18', 27, 136),
(461, 'Rio de Janeiro', 48550, 22500, 1050, -75, 1250, '2015-05-19', 23, 201),
(462, 'Rio de Janeiro', 40440, 27500, 2550, 875, 950, '2015-06-20', 28, 135),
(463, 'Rio de Janeiro', 77250, 22500, 1300, 875, 1250, '2015-07-21', 24, 135),
(464, 'Rio de Janeiro', 48550, 22500, 1050, 175, 1250, '2015-07-22', 25, 124),
(465, 'Rio de Janeiro', 39750, 27500, 1300, -75, 1250, '2015-09-23', 30, 130),
(466, 'Rio de Janeiro', 40440, 22500, 550, 175, 1250, '2015-10-24', 29, 199),
(467, 'Rio de Janeiro', 72000, 22500, 1050, -75, 950, '2015-11-25', 31, 200),
(468, 'Rio de Janeiro', 40440, 36125, 800, 875, 1250, '2015-11-26', 22, 201),
(469, 'Rio de Janeiro', 77250, 22500, 550, 875, 1250, '2015-11-27', 23, 135);
COMMIT;

/*!40101 SET CHARACTER_SET_CLIENT=@OLD_CHARACTER_SET_CLIENT */;
/*!40101 SET CHARACTER_SET_RESULTS=@OLD_CHARACTER_SET_RESULTS */;
/*!40101 SET COLLATION_CONNECTION=@OLD_COLLATION_CONNECTION */;
