-- phpMyAdmin SQL Dump
-- version 5.1.1
-- https://www.phpmyadmin.net/
--
-- Host: 127.0.0.1:3306
-- Tempo de geração: 30-Nov-2022 às 15:45
-- Versão do servidor: 5.7.36
-- versão do PHP: 7.4.26

SET SQL_MODE = "NO_AUTO_VALUE_ON_ZERO";
START TRANSACTION;
SET time_zone = "+00:00";


/*!40101 SET @OLD_CHARACTER_SET_CLIENT=@@CHARACTER_SET_CLIENT */;
/*!40101 SET @OLD_CHARACTER_SET_RESULTS=@@CHARACTER_SET_RESULTS */;
/*!40101 SET @OLD_COLLATION_CONNECTION=@@COLLATION_CONNECTION */;
/*!40101 SET NAMES utf8mb4 */;

--
-- Banco de dados: `vendas`
--
CREATE DATABASE IF NOT EXISTS `vendas` DEFAULT CHARACTER SET utf8mb4 COLLATE utf8mb4_bin;
USE `vendas`;

-- --------------------------------------------------------

--
-- Estrutura da tabela `carros`
--

DROP TABLE IF EXISTS `carros`;
CREATE TABLE IF NOT EXISTS `carros` (
  `id_carro` int(11) NOT NULL AUTO_INCREMENT,
  `fabricante` tinyint(4) NOT NULL,
  `modelo` varchar(50) NOT NULL,
  `cor` tinyint(4) NOT NULL,
  `ano` int(11) NOT NULL,
  PRIMARY KEY (`id_carro`),
  KEY `fabricante` (`fabricante`),
  KEY `cor` (`cor`)
) ENGINE=MyISAM AUTO_INCREMENT=215 DEFAULT CHARSET=utf8mb4;

--
-- Extraindo dados da tabela `carros`
--

INSERT INTO `carros` (`id_carro`, `fabricante`, `modelo`, `cor`, `ano`) VALUES
(1, 1, 'Camargue', 1, 2012),
(2, 2, 'DBS', 2, 2012),
(3, 1, 'Prata Ghost', 3, 2012),
(4, 1, 'Prata Ghost', 2, 2012),
(5, 1, 'Camargue', 4, 2012),
(6, 1, 'Camargue', 3, 2012),
(7, 2, 'DBS', 5, 2012),
(8, 2, 'DB7', 1, 2012),
(9, 2, 'DB9', 2, 2012),
(10, 2, 'DB9', 4, 2012),
(11, 2, 'DB4', 2, 2012),
(12, 2, 'Vantage', 4, 2012),
(13, 2, 'Vanquish', 2, 2012),
(14, 2, 'Rapide', 6, 2012),
(15, 2, 'Zagato', 3, 2012),
(16, 1, 'Prata Ghost', 4, 2013),
(17, 1, 'Wraith', 4, 2013),
(18, 1, 'Prata Ghost', 3, 2013),
(19, 1, 'Camargue', 2, 2013),
(20, 1, 'Prata Shadow', 1, 2013),
(21, 1, 'Prata Seraph', 1, 2013),
(22, 1, 'Prata Ghost', 6, 2013),
(23, 1, 'Prata Shadow', 3, 2013),
(24, 1, 'Camargue', 5, 2013),
(25, 1, 'Prata Ghost', 1, 2013),
(26, 1, 'Phantom', 3, 2013),
(27, 2, 'DB9', 5, 2013),
(28, 2, 'DB4', 3, 2013),
(29, 2, 'DB9', 6, 2013),
(30, 2, 'DB4', 2, 2013),
(31, 2, 'DB4', 4, 2013),
(32, 2, 'Vanquish', 4, 2013),
(33, 2, 'Vanquish', 3, 2013),
(34, 2, 'DB9', 2, 2013),
(35, 2, 'Vanquish', 1, 2013),
(36, 2, 'Rapide', 1, 2013),
(37, 3, 'XK', 5, 2012),
(38, 3, 'XJ6', 3, 2012),
(39, 3, 'XJ12', 6, 2012),
(40, 3, 'XK', 4, 2012),
(41, 3, 'XJ12', 4, 2012),
(42, 3, 'XK', 2, 2012),
(43, 3, 'XK', 3, 2012),
(44, 3, 'XJ12', 2, 2012),
(45, 3, 'XK', 6, 2012),
(46, 3, 'XK', 3, 2013),
(47, 3, 'XK', 5, 2013),
(48, 3, 'XJ6', 1, 2013),
(49, 3, 'XK', 6, 2013),
(50, 3, 'XK', 2, 2013),
(51, 3, 'XK', 4, 2013),
(52, 3, 'XJ6', 3, 2013),
(53, 4, 'Continental', 2, 2012),
(54, 4, 'Arnage', 2, 2012),
(55, 4, 'Azure', 1, 2012),
(56, 4, 'Turbo R', 1, 2012),
(57, 4, 'Continental', 4, 2012),
(58, 4, 'Continental', 5, 2012),
(59, 4, 'Continental', 3, 2012),
(60, 4, 'Azure', 6, 2012),
(61, 4, 'Turbo R', 4, 2012),
(62, 4, 'Continental', 2, 2013),
(63, 4, 'Continental', 3, 2013),
(64, 4, 'Azure', 2, 2013),
(65, 4, 'Turbo R', 1, 2013),
(66, 4, 'Continental', 1, 2013),
(67, 4, 'Continental', 5, 2013),
(68, 4, 'Continental', 6, 2013),
(69, 4, 'Turbo R', 4, 2013),
(70, 3, 'XK', 1, 2013),
(71, 5, 'Tuscan', 2, 2013),
(72, 5, 'Cerbera', 4, 2013),
(73, 3, 'XJ6', 2, 2013),
(74, 3, 'XJ6', 5, 2013),
(75, 3, 'XJ6', 6, 2013),
(76, 3, 'XJ6', 4, 2013),
(77, 6, 'GT', 3, 2013),
(78, 6, 'GT', 1, 2013),
(79, 6, 'GT', 2, 2013),
(80, 6, 'GT', 4, 2013),
(81, 7, 'TR4', 6, 2013),
(82, 7, 'TR5', 5, 2013),
(83, 7, 'TR7', 3, 2013),
(84, 7, 'TR4', 2, 2013),
(85, 7, 'TR4', 4, 2013),
(86, 7, 'TR5', 4, 2013),
(87, 7, 'TR5', 2, 2013),
(88, 7, 'TR4', 1, 2013),
(89, 7, 'TR7', 1, 2013),
(90, 7, 'TR4', 3, 2013),
(91, 2, 'DB7', 1, 2013),
(92, 2, 'DB7', 2, 2013),
(93, 2, 'Vantage', 3, 2013),
(94, 2, 'Vantage', 4, 2013),
(95, 1, 'Camargue', 4, 2013),
(96, 1, 'Camargue', 6, 2013),
(97, 2, 'Vantage', 1, 2013),
(98, 2, 'DB7', 4, 2013),
(99, 2, 'DB7', 6, 2013),
(100, 2, 'DB9', 1, 2013),
(101, 2, 'DB9', 3, 2013),
(102, 2, 'DB9', 4, 2013),
(103, 1, 'Camargue', 4, 2014),
(104, 2, 'DBS', 2, 2014),
(105, 1, 'Prata Ghost', 3, 2014),
(106, 1, 'Prata Ghost', 2, 2014),
(107, 1, 'Camargue', 3, 2014),
(108, 2, 'DBS', 5, 2014),
(109, 2, 'DB7', 1, 2014),
(110, 2, 'DB9', 2, 2014),
(111, 2, 'DB9', 4, 2014),
(112, 2, 'DB4', 2, 2014),
(113, 2, 'Vantage', 4, 2014),
(114, 2, 'Vanquish', 4, 2014),
(115, 2, 'Rapide', 6, 2014),
(116, 2, 'Zagato', 3, 2015),
(117, 1, 'Prata Ghost', 4, 2015),
(118, 1, 'Wraith', 4, 2015),
(119, 1, 'Prata Ghost', 3, 2015),
(120, 1, 'Camargue', 6, 2015),
(121, 1, 'Prata Shadow', 1, 2015),
(122, 1, 'Prata Seraph', 1, 2015),
(123, 1, 'Prata Ghost', 6, 2015),
(124, 1, 'Prata Shadow', 3, 2015),
(125, 1, 'Camargue', 5, 2015),
(126, 1, 'Prata Seraph', 6, 2015),
(127, 1, 'Prata Ghost', 1, 2015),
(128, 1, 'Phantom', 3, 2015),
(129, 2, 'DB9', 5, 2015),
(130, 2, 'DB4', 6, 2015),
(131, 2, 'DB9', 6, 2015),
(132, 2, 'DB4', 2, 2015),
(133, 2, 'DB4', 4, 2015),
(134, 2, 'Vanquish', 4, 2015),
(135, 2, 'Vanquish', 3, 2015),
(136, 2, 'DB9', 4, 2015),
(137, 2, 'DB9', 2, 2015),
(138, 2, 'Vanquish', 1, 2015),
(139, 2, 'Rapide', 1, 2015),
(140, 2, 'Vanquish', 1, 2014),
(141, 3, 'XK', 5, 2014),
(142, 3, 'XJ6', 3, 2014),
(143, 3, 'XJ12', 6, 2014),
(144, 3, 'XK', 4, 2014),
(145, 3, 'XJ12', 4, 2014),
(146, 3, 'XK', 3, 2014),
(147, 3, 'XJ12', 2, 2014),
(148, 3, 'XK', 4, 2015),
(149, 3, 'XK', 3, 2015),
(150, 3, 'XK', 5, 2015),
(151, 3, 'XJ6', 1, 2015),
(152, 3, 'XK', 6, 2015),
(153, 4, 'Continental', 2, 2014),
(154, 4, 'Arnage', 4, 2014),
(155, 4, 'Azure', 1, 2014),
(156, 4, 'Turbo R', 1, 2014),
(157, 4, 'Continental', 4, 2014),
(158, 4, 'Continental', 3, 2014),
(159, 4, 'Azure', 6, 2014),
(160, 4, 'Turbo R', 4, 2014),
(161, 4, 'Continental', 2, 2015),
(162, 4, 'Continental', 3, 2015),
(163, 4, 'Azure', 2, 2015),
(164, 4, 'Turbo R', 1, 2015),
(165, 4, 'Continental', 1, 2015),
(166, 4, 'Continental', 5, 2015),
(167, 4, 'Continental', 6, 2015),
(168, 4, 'Turbo R', 4, 2015),
(169, 3, 'XK', 1, 2015),
(170, 5, 'Tuscan', 2, 2015),
(171, 5, 'Cerbera', 4, 2015),
(172, 3, 'XK', 2, 2015),
(173, 3, 'XJ6', 2, 2015),
(174, 3, 'XJ6', 5, 2015),
(175, 3, 'XJ6', 3, 2015),
(176, 3, 'XJ6', 6, 2015),
(177, 3, 'XJ6', 4, 2015),
(178, 6, 'GT', 1, 2015),
(179, 6, 'GT', 3, 2015),
(180, 6, 'GT', 2, 2015),
(181, 6, 'GT', 4, 2015),
(182, 7, 'TR4', 6, 2015),
(183, 7, 'TR5', 5, 2015),
(184, 7, 'TR7', 3, 2015),
(185, 7, 'TR4', 2, 2015),
(186, 7, 'TR4', 4, 2015),
(187, 7, 'TR5', 4, 2015),
(188, 7, 'TR5', 2, 2015),
(189, 7, 'TR4', 1, 2015),
(190, 7, 'TR7', 1, 2015),
(191, 7, 'TR4', 3, 2015),
(192, 2, 'DB7', 1, 2015),
(193, 2, 'DB7', 2, 2015),
(194, 2, 'Vantage', 3, 2015),
(195, 2, 'Vantage', 4, 2015),
(196, 1, 'Camargue', 4, 2015),
(197, 2, 'Vantage', 1, 2015),
(198, 2, 'DB7', 4, 2015),
(199, 2, 'DB7', 6, 2015),
(200, 2, 'DB9', 1, 2015),
(201, 1, 'Camargue', 2, 2015),
(202, 2, 'DB9', 3, 2015),
(203, 1, 'Camargue', 2, 2014),
(204, 2, 'DB9', 5, 2014),
(205, 2, 'DB9', 1, 2014),
(206, 2, 'DB9', 6, 2014),
(207, 1, 'Camargue', 3, 2015),
(208, 1, 'Camargue', 1, 2015),
(209, 3, 'XK', 6, 2014),
(210, 3, 'XK', 2, 2014),
(211, 4, 'Continental', 1, 2014),
(212, 4, 'Continental', 6, 2014),
(213, 5, 'Tuscan', 4, 2015),
(214, 7, 'TR4', 5, 2015);

-- --------------------------------------------------------

--
-- Estrutura da tabela `cliente`
--

DROP TABLE IF EXISTS `cliente`;
CREATE TABLE IF NOT EXISTS `cliente` (
  `id_cliente` int(11) NOT NULL AUTO_INCREMENT,
  `nome_cliente` varchar(100) NOT NULL,
  PRIMARY KEY (`id_cliente`),
  UNIQUE KEY `nome_cliente` (`nome_cliente`)
) ENGINE=MyISAM AUTO_INCREMENT=32 DEFAULT CHARSET=utf8mb4;

--
-- Extraindo dados da tabela `cliente`
--

INSERT INTO `cliente` (`id_cliente`, `nome_cliente`) VALUES
(1, 'Aldo Motors'),
(2, 'Honest John'),
(3, 'Bright Orange'),
(4, 'Wheels\'R\'Us'),
(5, 'Cut\'n\'Shut'),
(6, 'Les Arnaqueurs'),
(7, 'Rocky Riding'),
(8, 'Voitures Diplomatiques S.A.'),
(9, 'Crippen & Co'),
(10, 'Costa Del Speed'),
(11, 'Karz'),
(12, 'Olde Englande'),
(13, 'Impressive Wheels'),
(14, 'Smooth Riders'),
(15, 'Luxury Rentals'),
(16, 'Premium Motor Vehicles'),
(17, 'Chateau Moi'),
(18, 'Vive la Vitesse!'),
(19, 'Carosse Des Papes'),
(20, 'Three Country Cars'),
(21, 'Jungfrau'),
(22, 'Ambassador Cars'),
(23, 'Embassy Motors'),
(24, 'Style ‘N Ride'),
(25, 'Sporty Types Corp'),
(26, 'BritWheels'),
(27, 'Tweedy Wheels'),
(28, 'Union Jack Sports Cars'),
(29, 'British Luxury Automobile Corp'),
(30, 'Buckingham Palace Car Services'),
(31, 'Classy Car Sales');

-- --------------------------------------------------------

--
-- Estrutura da tabela `cor`
--

DROP TABLE IF EXISTS `cor`;
CREATE TABLE IF NOT EXISTS `cor` (
  `id_cor` tinyint(4) NOT NULL AUTO_INCREMENT,
  `nome_cor` varchar(30) NOT NULL,
  PRIMARY KEY (`id_cor`),
  UNIQUE KEY `nome_cor` (`nome_cor`)
) ENGINE=MyISAM AUTO_INCREMENT=7 DEFAULT CHARSET=utf8mb4;

--
-- Extraindo dados da tabela `cor`
--

INSERT INTO `cor` (`id_cor`, `nome_cor`) VALUES
(1, 'Vermelho'),
(2, 'Azul'),
(3, 'Verde'),
(4, 'Prata'),
(5, 'Púrpura'),
(6, 'Preto');

-- --------------------------------------------------------

--
-- Estrutura da tabela `fabricante`
--

DROP TABLE IF EXISTS `fabricante`;
CREATE TABLE IF NOT EXISTS `fabricante` (
  `id_fabricante` tinyint(4) NOT NULL AUTO_INCREMENT,
  `nome_fabricante` varchar(100) NOT NULL,
  PRIMARY KEY (`id_fabricante`),
  UNIQUE KEY `nome_fabricante` (`nome_fabricante`)
) ENGINE=MyISAM AUTO_INCREMENT=8 DEFAULT CHARSET=utf8mb4;

--
-- Extraindo dados da tabela `fabricante`
--

INSERT INTO `fabricante` (`id_fabricante`, `nome_fabricante`) VALUES
(1, 'Rolls Royce'),
(2, 'Aston Martin'),
(3, 'Jaguar'),
(4, 'Bentley'),
(5, 'TVR'),
(6, 'MGB'),
(7, 'Triumph');

-- --------------------------------------------------------

--
-- Estrutura da tabela `venda`
--

DROP TABLE IF EXISTS `venda`;
CREATE TABLE IF NOT EXISTS `venda` (
  `id_Venda` int(11) NOT NULL AUTO_INCREMENT,
  `Estado` varchar(50) NOT NULL,
  `Valor_Venda` double NOT NULL,
  `Valor_Custo` double NOT NULL,
  `Total_Desconto` double NOT NULL,
  `Custo_Entrega` double NOT NULL,
  `Custo_Mao` double NOT NULL,
  `Data_Compra` date NOT NULL,
  `id_cliente` int(11) DEFAULT NULL,
  `id_carro` int(11) DEFAULT NULL,
  PRIMARY KEY (`id_Venda`),
  KEY `id_cliente` (`id_cliente`),
  KEY `id_carro` (`id_carro`)
) ENGINE=MyISAM AUTO_INCREMENT=458 DEFAULT CHARSET=utf8mb4;

--
-- Extraindo dados da tabela `venda`
--

INSERT INTO `venda` (`id_Venda`, `Estado`, `Valor_Venda`, `Valor_Custo`, `Total_Desconto`, `Custo_Entrega`, `Custo_Mao`, `Data_Compra`, `id_cliente`, `id_carro`) VALUES
(1, 'São Paulo', 95000, 50000, 500, 750, 750, '2012-10-04', 1, 1),
(2, 'São Paulo', 120000, 75000, 0, 1500, 550, '2012-01-01', 2, 2),
(3, 'São Paulo', 88000, 75000, 750, 1000, 550, '2012-02-02', 3, 3),
(4, 'São Paulo', 89000, 88000, 0, 1000, 550, '2012-03-03', 2, 4),
(5, 'São Paulo', 92000, 62000, 0, 1500, 550, '2012-04-04', 4, 5),
(6, 'São Paulo', 102500, 125000, 0, 1000, 550, '2012-05-04', 5, 6),
(7, 'São Paulo', 110000, 56000, 750, 500, 550, '2012-06-04', 3, 7),
(8, 'Minas Gerais', 125000, 23500, 2500, 1000, 550, '2012-07-04', 6, 8),
(9, 'São Paulo', 130000, 15500, 0, 1000, 750, '2012-08-04', 1, 9),
(10, 'São Paulo', 75000, 75890, 0, 1000, 750, '2012-09-04', 1, 10),
(11, 'São Paulo', 68500, 99000, 0, 1000, 750, '2012-09-04', 1, 11),
(12, 'Minas Gerais', 95000, 125000, 0, 1500, 750, '2012-11-04', 6, 12),
(13, 'São Paulo', 155000, 125000, 0, 1500, 750, '2012-11-04', 4, 13),
(14, 'São Paulo', 95000, 155000, 5000, 1500, 570, '2012-12-04', 3, 14),
(15, 'São Paulo', 178500, 125000, 0, 1500, 570, '2012-12-04', 5, 15),
(16, 'Minas Gerais', 130000, 62000, 0, 1750, 570, '2013-01-02', 6, 16),
(17, 'São Paulo', 178500, 62000, 0, 1750, 654, '2013-02-02', 4, 17),
(18, 'São Paulo', 110000, 75890, 0, 990, 987, '2013-03-02', 5, 18),
(19, 'São Paulo', 130000, 62000, 0, 500, 654, '2013-04-02', 3, 19),
(20, 'São Paulo', 178500, 75890, 950, 1750, 321, '2013-05-02', 2, 20),
(21, 'São Paulo', 110000, 62000, 0, 1750, 951, '2013-06-02', 1, 21),
(22, 'São Paulo', 102500, 62000, 1750, 500, 987, '2013-07-02', 1, 22),
(23, 'São Paulo', 130000, 62000, 0, 1000, 750, '2013-08-02', 2, 23),
(24, 'São Paulo', 178500, 75890, 0, 450, 654, '2013-09-02', 3, 24),
(25, 'São Paulo', 178500, 75890, 0, 1750, 987, '2013-10-02', 4, 21),
(26, 'São Paulo', 130000, 75890, 750, 1750, 321, '2013-11-02', 5, 25),
(27, 'São Paulo', 178500, 62000, 0, 1750, 654, '2013-12-02', 4, 26),
(28, 'São Paulo', 178500, 75890, 0, 500, 987, '2013-01-02', 4, 27),
(29, 'São Paulo', 110000, 75890, 0, 500, 963, '2013-02-02', 5, 28),
(30, 'São Paulo', 178500, 75890, 0, 500, 852, '2013-03-02', 5, 29),
(31, 'São Paulo', 110000, 75890, 0, 0, 147, '2013-04-02', 3, 30),
(32, 'São Paulo', 102500, 75890, 0.01, 500, 852, '2013-05-02', 3, 31),
(33, 'São Paulo', 178500, 62000, 750, 450, 654, '2013-06-02', 2, 32),
(34, 'São Paulo', 124500, 62000, 1000, 450, 984, '2013-07-02', 1, 33),
(35, 'São Paulo', 130000, 62000, 1250, 450, 895, '2013-08-02', 1, 34),
(36, 'São Paulo', 110000, 62000, 0, 0, 486, '2013-09-02', 2, 34),
(37, 'São Paulo', 178500, 62000, 0, 450, 325, '2013-10-02', 3, 35),
(38, 'São Paulo', 130000, 125000, 0, 1750, 658, '2013-11-02', 4, 36),
(39, 'São Paulo', 110000, 125000, 0, 1750, 752, '2013-12-02', 5, 35),
(40, 'Rio de Janeiro', 44000, 25000, 500, 450, 486, '2012-01-01', 7, 37),
(41, 'Rio de Janeiro', 45000, 37500, 500, 450, 486, '2012-02-01', 7, 38),
(42, 'Espírito Santo', 39500, 25000, 500, 0, 486, '2012-03-01', 8, 39),
(43, 'Minas Gerais', 44000, 37500, 500, 500, 486, '2012-04-01', 6, 40),
(44, 'São Paulo', 44000, 25000, 500, 500, 486, '2012-05-01', 3, 41),
(45, 'São Paulo', 39500, 37500, 500, 500, 486, '2012-06-01', 2, 42),
(46, 'São Paulo', 44000, 25000, 500, 1750, 486, '2012-07-01', 4, 43),
(47, 'São Paulo', 110000, 50000, 750, 500, 486, '2012-08-01', 5, 44),
(48, 'Rio de Janeiro', 110000, 25000, 750, 1750, 987, '2012-09-01', 7, 41),
(49, 'Espírito Santo', 44000, 37500, 750, 1750, 987, '2012-10-01', 8, 38),
(50, 'São Paulo', 39500, 25000, 0, 500, 987, '2012-11-01', 1, 37),
(51, 'São Paulo', 44000, 37500, 0, 500, 987, '2012-12-01', 1, 45),
(52, 'São Paulo', 44000, 25000, 0, 1750, 987, '2013-01-02', 2, 46),
(53, 'São Paulo', 44000, 37500, 0, 500, 987, '2013-02-02', 3, 47),
(54, 'São Paulo', 39500, 25000, 750, 500, 987, '2013-03-02', 5, 48),
(55, 'São Paulo', 110000, 37500, 750, 500, 987, '2013-04-02', 4, 48),
(56, 'São Paulo', 44000, 25000, 750, 500, 987, '2013-05-02', 9, 48),
(57, 'Espírito Santo', 39500, 37500, 500, 450, 987, '2013-06-02', 8, 47),
(58, 'Rio de Janeiro', 39500, 25000, 500, 450, 750, '2013-07-02', 7, 46),
(59, 'São Paulo', 39500, 12500, 500, 450, 750, '2013-08-02', 9, 49),
(60, 'Minas Gerais', 39500, 25000, 500, 500, 750, '2013-09-02', 6, 50),
(61, 'São Paulo', 39500, 37500, 750, 500, 750, '2013-10-02', 4, 51),
(62, 'São Paulo', 39500, 25000, 750, 500, 1250, '2013-11-02', 4, 51),
(63, 'São Paulo', 39500, 37500, 750, 500, 1250, '2013-12-02', 5, 52),
(64, 'São Paulo', 39500, 25700, 750, 500, 1250, '2012-01-01', 5, 53),
(65, 'São Paulo', 44000, 25700, 750, 500, 1250, '2012-02-01', 3, 54),
(66, 'São Paulo', 44000, 25700, 750, 500, 987, '2012-03-01', 3, 55),
(67, 'São Paulo', 110000, 25700, 750, 775, 1250, '2012-04-01', 2, 56),
(68, 'São Paulo', 110000, 62000, 750, 775, 987, '2012-05-01', 2, 57),
(69, 'São Paulo', 110000, 62000, 500, 775, 1250, '2012-06-01', 1, 58),
(70, 'São Paulo', 110000, 25700, 500, 775, 987, '2012-07-01', 1, 59),
(71, 'Espírito Santo', 110000, 25700, 500, 775, 1250, '2012-08-01', 8, 60),
(72, 'Rio de Janeiro', 44000, 25700, 500, 775, 987, '2012-09-01', 7, 61),
(73, 'Minas Gerais', 110000, 62000, 500, 500, 1250, '2012-10-01', 6, 57),
(74, 'São Paulo', 44000, 62000, 500, 450, 987, '2012-11-01', 1, 57),
(75, 'São Paulo', 44000, 62000, 500, 450, 987, '2012-12-01', 2, 53),
(76, 'São Paulo', 110000, 25700, 500, 450, 1250, '2013-01-02', 3, 62),
(77, 'São Paulo', 110000, 25700, 500, 500, 750, '2013-02-02', 5, 63),
(78, 'São Paulo', 41250, 25700, 500, 775, 750, '2013-03-02', 4, 64),
(79, 'Minas Gerais', 110000, 25700, 500, 775, 750, '2013-04-02', 6, 65),
(80, 'São Paulo', 39500, 62000, 500, 775, 750, '2013-05-02', 9, 65),
(81, 'Rio de Janeiro', 39500, 62000, 500, 500, 486, '2013-06-02', 7, 66),
(82, 'São Paulo', 39500, 25700, 500, 500, 486, '2013-07-02', 1, 67),
(83, 'São Paulo', 41250, 62000, 500, 775, 486, '2013-08-02', 2, 67),
(84, 'Minas Gerais', 39500, 62000, 1250, 450, 486, '2013-09-02', 6, 63),
(85, 'São Paulo', 44000, 62000, 1000, 450, 486, '2013-10-02', 4, 68),
(86, 'São Paulo', 44000, 25700, 1000, 450, 486, '2013-11-02', 2, 64),
(87, 'São Paulo', 44000, 25700, 1000, 450, 486, '2013-12-02', 1, 69),
(88, 'Paraná', 29750, 37500, 150, 50, 486, '2013-01-02', 10, 70),
(89, 'Bahia', 41250, 37500, 150, 50, 325, '2013-02-02', 11, 71),
(90, 'Paraná', 39500, 37500, 150, 50, 325, '2013-03-02', 10, 46),
(91, 'Bahia', 29750, 37500, 150, 50, 325, '2013-04-02', 11, 72),
(92, 'Espírito Santo', 120000, 37500, 150, 50, 325, '2013-05-02', 8, 51),
(93, 'Rio de Janeiro', 29750, 37500, 150, 50, 325, '2013-06-02', 7, 71),
(94, 'São Paulo', 41250, 37500, 150, 50, 325, '2013-07-02', 2, 51),
(95, 'Minas Gerais', 29750, 37500, 150, 50, 325, '2013-08-02', 6, 72),
(96, 'São Paulo', 39500, 37500, 150, 50, 325, '2013-09-02', 4, 46),
(97, 'Rio de Janeiro', 41250, 37500, 150, 50, 325, '2013-10-02', 7, 71),
(98, 'São Paulo', 29750, 37500, 150, 50, 325, '2013-11-02', 4, 50),
(99, 'São Paulo', 41250, 37500, 150, 50, 325, '2013-12-02', 3, 73),
(100, 'São Paulo', 39500, 25700, 150, 50, 250, '2013-01-02', 12, 74),
(101, 'São Paulo', 39500, 25700, 150, 50, 250, '2013-02-02', 13, 52),
(102, 'São Paulo', 39500, 25700, 150, 50, 250, '2013-03-02', 12, 75),
(103, 'São Paulo', 39500, 62000, 150, 50, 250, '2013-04-02', 14, 50),
(104, 'São Paulo', 41250, 62000, 150, 50, 250, '2013-05-02', 15, 51),
(105, 'São Paulo', 41250, 25700, 150, 50, 250, '2013-06-02', 16, 76),
(106, 'São Paulo', 39500, 25700, 150, 50, 250, '2013-07-02', 15, 76),
(107, 'São Paulo', 39500, 25700, 150, 50, 250, '2013-08-02', 1, 51),
(108, 'São Paulo', 39500, 62000, 150, 50, 250, '2013-09-02', 2, 51),
(109, 'São Paulo', 39500, 25700, 150, 50, 250, '2013-10-02', 2, 76),
(110, 'São Paulo', 41250, 62000, 150, 50, 250, '2013-11-02', 3, 50),
(111, 'São Paulo', 41250, 62000, 150, 50, 250, '2013-12-02', 5, 50),
(112, 'São Paulo', 39500, 4500, 150, 50, 325, '2013-01-02', 4, 77),
(113, 'São Paulo', 39500, 8500, 150, 50, 325, '2013-02-02', 12, 77),
(114, 'São Paulo', 25250, 4500, 150, 50, 325, '2013-03-02', 4, 78),
(115, 'São Paulo', 22500, 8500, 150, 50, 325, '2013-04-02', 4, 78),
(116, 'São Paulo', 22500, 4500, 150, 50, 325, '2013-05-02', 5, 78),
(117, 'São Paulo', 22500, 8500, 150, 50, 325, '2013-06-02', 5, 78),
(118, 'São Paulo', 25250, 4500, 150, 50, 325, '2013-07-02', 3, 79),
(119, 'São Paulo', 22500, 8500, 150, 50, 325, '2013-08-02', 2, 77),
(120, 'São Paulo', 25250, 4500, 150, 50, 325, '2013-09-02', 1, 80),
(121, 'São Paulo', 22500, 8500, 150, 50, 325, '2013-10-02', 2, 80),
(122, 'São Paulo', 25250, 4500, 150, 50, 325, '2013-11-02', 3, 79),
(123, 'São Paulo', 22500, 4500, 150, 50, 325, '2013-12-02', 1, 77),
(124, 'São Paulo', 22500, 8500, 150, 50, 325, '2013-01-02', 15, 81),
(125, 'São Paulo', 25250, 17000, 150, 50, 325, '2013-02-02', 14, 82),
(126, 'São Paulo', 22500, 8500, 150, 50, 325, '2013-03-02', 2, 83),
(127, 'São Paulo', 22500, 17000, 150, 50, 325, '2013-04-02', 13, 84),
(128, 'São Paulo', 22500, 8500, 150, 50, 325, '2013-05-02', 3, 85),
(129, 'Paraná', 22500, 17000, 150, 50, 325, '2013-06-02', 10, 86),
(130, 'São Paulo', 25250, 17000, 150, 50, 325, '2013-07-02', 5, 87),
(131, 'São Paulo', 22500, 17000, 150, 50, 325, '2013-08-02', 4, 84),
(132, 'São Paulo', 25250, 17000, 150, 50, 325, '2013-09-02', 12, 88),
(133, 'São Paulo', 25250, 17000, 150, 50, 325, '2013-10-02', 13, 89),
(134, 'São Paulo', 25250, 17000, 150, 50, 325, '2013-11-02', 5, 90),
(135, 'São Paulo', 25250, 17000, 150, 50, 450, '2013-12-02', 3, 86),
(136, 'Minas Gerais', 74500, 31125, 500, 975, 1250, '2013-01-09', 17, 91),
(137, 'Minas Gerais', 69250, 17500, 1250, 975, 1250, '2013-01-10', 18, 92),
(138, 'Minas Gerais', 22750, 22500, 500, 975, 950, '2013-02-11', 19, 93),
(139, 'Espírito Santo', 37000, 17500, 1000, 975, 1250, '2013-03-12', 20, 94),
(140, 'Espírito Santo', 74500, 31125, 750, 975, 1250, '2013-03-13', 21, 95),
(141, 'Minas Gerais', 45800, 17500, 1000, 975, 950, '2013-03-14', 17, 92),
(142, 'Minas Gerais', 22750, 22500, 2500, 350, 1250, '2013-04-15', 18, 96),
(143, 'Minas Gerais', 45800, 17500, 1250, 350, 1250, '2013-04-16', 19, 97),
(144, 'Espírito Santo', 37000, 17500, 1000, 350, 1250, '2013-05-17', 20, 92),
(145, 'Espírito Santo', 45800, 17500, 500, 975, 1250, '2013-05-18', 21, 93),
(146, 'Minas Gerais', 37690, 22500, 1000, 975, 950, '2013-05-19', 17, 98),
(147, 'Minas Gerais', 74500, 17500, 2500, 975, 1250, '2013-06-20', 18, 94),
(148, 'Minas Gerais', 45800, 17500, 1250, 975, 1250, '2013-07-21', 19, 19),
(149, 'Espírito Santo', 37000, 22500, 1000, 275, 1250, '2013-07-22', 20, 99),
(150, 'Espírito Santo', 37690, 17500, 1250, 275, 1250, '2013-09-23', 21, 100),
(151, 'Espírito Santo', 69250, 17500, 500, 275, 950, '2013-10-24', 21, 19),
(152, 'Minas Gerais', 37690, 31125, 1000, 975, 1250, '2013-11-25', 18, 101),
(153, 'Espírito Santo', 74500, 17500, 750, 975, 1250, '2013-11-26', 21, 98),
(154, 'Minas Gerais', 37690, 17500, 500, 975, 1250, '2013-11-27', 19, 102),
(155, 'São Paulo', 97750, 55000, 550, 725, 750, '2014-10-04', 1, 103),
(156, 'São Paulo', 122750, 80000, 50, 1475, 550, '2014-01-01', 2, 104),
(157, 'São Paulo', 90750, 80000, 800, 975, 550, '2014-02-02', 3, 105),
(158, 'São Paulo', 91750, 93000, 50, 975, 550, '2014-03-03', 2, 106),
(159, 'São Paulo', 94750, 67000, 50, 1475, 550, '2014-04-04', 4, 103),
(160, 'São Paulo', 105250, 130000, 50, 975, 550, '2014-05-04', 5, 107),
(161, 'São Paulo', 112750, 61000, 800, 475, 550, '2014-06-04', 3, 108),
(162, 'Minas Gerais', 127750, 28500, 2550, 975, 550, '2014-07-04', 6, 109),
(163, 'São Paulo', 132750, 20500, 50, 975, 750, '2014-08-04', 1, 110),
(164, 'São Paulo', 77750, 80890, 50, 975, 750, '2014-09-04', 1, 111),
(165, 'Minas Gerais', 71250, 104000, 50, 1475, 750, '2014-11-04', 6, 112),
(166, 'São Paulo', 97750, 130000, 50, 1475, 750, '2014-11-04', 4, 113),
(167, 'São Paulo', 157750, 130000, 5050, 1475, 750, '2014-12-04', 3, 114),
(168, 'São Paulo', 97750, 160000, 50, 1475, 570, '2014-12-04', 5, 115),
(169, 'Minas Gerais', 181250, 130000, 50, 1725, 570, '2015-01-02', 6, 116),
(170, 'São Paulo', 132750, 67000, 50, 1725, 570, '2015-02-02', 4, 117),
(171, 'São Paulo', 181250, 67000, 50, 965, 654, '2015-03-02', 5, 118),
(172, 'São Paulo', 112750, 80890, 50, 475, 987, '2015-04-02', 3, 119),
(173, 'São Paulo', 132750, 67000, 1000, 1725, 654, '2015-05-02', 2, 120),
(174, 'São Paulo', 181250, 80890, 50, 1725, 321, '2015-06-02', 1, 121),
(175, 'São Paulo', 112750, 67000, 1800, 475, 951, '2015-07-02', 1, 122),
(176, 'São Paulo', 105250, 67000, 50, 975, 987, '2015-08-02', 2, 123),
(177, 'São Paulo', 132750, 67000, 50, 425, 750, '2015-09-02', 3, 124),
(178, 'São Paulo', 181250, 80890, 50, 1725, 654, '2015-10-02', 4, 125),
(179, 'São Paulo', 181250, 80890, 800, 1725, 987, '2015-11-02', 5, 126),
(180, 'São Paulo', 132750, 80890, 50, 1725, 321, '2015-12-02', 4, 127),
(181, 'São Paulo', 181250, 67000, 50, 475, 654, '2015-01-02', 4, 128),
(182, 'São Paulo', 181250, 80890, 50, 475, 987, '2015-02-02', 5, 129),
(183, 'São Paulo', 112750, 80890, 50, 475, 963, '2015-03-02', 5, 130),
(184, 'São Paulo', 181250, 80890, 50, 50, 852, '2015-04-02', 3, 131),
(185, 'São Paulo', 112750, 80890, 50.01, 475, 147, '2015-05-02', 3, 132),
(186, 'São Paulo', 105250, 80890, 800, 425, 852, '2015-06-02', 2, 133),
(187, 'São Paulo', 181250, 67000, 1050, 425, 654, '2015-07-02', 1, 134),
(188, 'São Paulo', 127250, 67000, 1300, 425, 984, '2015-08-02', 1, 135),
(189, 'São Paulo', 132750, 67000, 50, 75, 895, '2015-09-02', 2, 136),
(190, 'São Paulo', 112750, 67000, 50, 425, 486, '2015-10-02', 3, 137),
(191, 'São Paulo', 181250, 67000, 50, 1725, 325, '2015-11-02', 4, 138),
(192, 'São Paulo', 132750, 130000, 50, 1725, 658, '2015-12-02', 5, 139),
(193, 'Rio de Janeiro', 112750, 130000, 550, 425, 752, '2014-01-01', 7, 140),
(194, 'Rio de Janeiro', 46750, 30000, 550, 425, 486, '2014-02-01', 7, 141),
(195, 'Espírito Santo', 47750, 42500, 550, 75, 486, '2014-03-01', 8, 142),
(196, 'Minas Gerais', 42250, 30000, 550, 475, 486, '2014-04-01', 6, 143),
(197, 'São Paulo', 46750, 42500, 550, 475, 486, '2014-05-01', 3, 144),
(198, 'São Paulo', 46750, 30000, 550, 475, 486, '2014-06-01', 2, 145),
(199, 'São Paulo', 42250, 42500, 550, 1725, 486, '2014-07-01', 4, 144),
(200, 'São Paulo', 46750, 30000, 800, 475, 486, '2014-08-01', 5, 146),
(201, 'Rio de Janeiro', 112750, 55000, 800, 1725, 486, '2014-09-01', 7, 147),
(202, 'Espírito Santo', 112750, 30000, 800, 1725, 987, '2014-10-01', 8, 145),
(203, 'São Paulo', 46750, 42500, 50, 475, 987, '2014-11-01', 1, 142),
(204, 'São Paulo', 42250, 30000, 50, 475, 987, '2014-12-01', 1, 141),
(205, 'São Paulo', 46750, 42500, 50, 1725, 987, '2015-01-02', 2, 148),
(206, 'São Paulo', 46750, 30000, 50, 475, 987, '2015-02-02', 3, 149),
(207, 'São Paulo', 46750, 42500, 800, 475, 987, '2015-03-02', 5, 150),
(208, 'São Paulo', 42250, 30000, 800, 475, 987, '2015-04-02', 4, 151),
(209, 'São Paulo', 112750, 42500, 800, 475, 987, '2015-05-02', 9, 151),
(210, 'Espírito Santo', 46750, 30000, 550, 425, 987, '2015-06-02', 8, 151),
(211, 'Rio de Janeiro', 42250, 42500, 550, 425, 987, '2015-07-02', 7, 150),
(212, 'São Paulo', 42250, 30000, 550, 425, 750, '2015-08-02', 9, 149),
(213, 'Minas Gerais', 42250, 17500, 550, 475, 750, '2015-09-02', 6, 152),
(214, 'São Paulo', 42250, 30000, 800, 475, 750, '2015-10-02', 4, 148),
(215, 'São Paulo', 42250, 42500, 800, 475, 750, '2015-11-02', 4, 148),
(216, 'São Paulo', 42250, 30000, 800, 475, 1250, '2015-12-02', 5, 148),
(217, 'São Paulo', 42250, 42500, 800, 475, 1250, '2014-01-01', 5, 142),
(218, 'São Paulo', 42250, 30700, 800, 475, 1250, '2014-02-01', 3, 153),
(219, 'São Paulo', 46750, 30700, 800, 475, 1250, '2014-03-01', 3, 154),
(220, 'São Paulo', 46750, 30700, 800, 750, 987, '2014-04-01', 2, 155),
(221, 'São Paulo', 112750, 30700, 800, 750, 1250, '2014-05-01', 2, 156),
(222, 'São Paulo', 112750, 67000, 550, 750, 987, '2014-06-01', 1, 157),
(223, 'São Paulo', 112750, 67000, 550, 750, 1250, '2014-07-01', 1, 157),
(224, 'Espírito Santo', 112750, 30700, 550, 750, 987, '2014-08-01', 8, 158),
(225, 'Rio de Janeiro', 112750, 30700, 550, 750, 1250, '2014-09-01', 7, 159),
(226, 'Minas Gerais', 46750, 30700, 550, 475, 987, '2014-10-01', 6, 160),
(227, 'São Paulo', 112750, 67000, 550, 425, 1250, '2014-11-01', 1, 157),
(228, 'São Paulo', 46750, 67000, 550, 425, 987, '2014-12-01', 2, 157),
(229, 'São Paulo', 46750, 67000, 550, 425, 987, '2015-01-02', 3, 161),
(230, 'São Paulo', 112750, 30700, 550, 475, 1250, '2015-02-02', 5, 161),
(231, 'São Paulo', 112750, 30700, 550, 750, 750, '2015-03-02', 4, 162),
(232, 'Minas Gerais', 44000, 30700, 550, 750, 750, '2015-04-02', 6, 163),
(233, 'São Paulo', 112750, 30700, 550, 750, 750, '2015-05-02', 9, 164),
(234, 'Rio de Janeiro', 42250, 67000, 550, 475, 750, '2015-06-02', 7, 164),
(235, 'São Paulo', 42250, 67000, 550, 475, 486, '2015-07-02', 1, 165),
(236, 'São Paulo', 42250, 30700, 550, 750, 486, '2015-08-02', 2, 166),
(237, 'Minas Gerais', 44000, 67000, 1300, 425, 486, '2015-09-02', 6, 166),
(238, 'São Paulo', 42250, 67000, 1050, 425, 486, '2015-10-02', 4, 162),
(239, 'São Paulo', 46750, 67000, 1050, 425, 486, '2015-11-02', 2, 167),
(240, 'São Paulo', 46750, 30700, 1050, 425, 486, '2015-12-02', 1, 163),
(241, 'Paraná', 46750, 30700, 200, 25, 486, '2015-01-02', 10, 168),
(242, 'Bahia', 32500, 42500, 200, 25, 486, '2015-02-02', 11, 169),
(243, 'Paraná', 44000, 42500, 200, 25, 325, '2015-03-02', 10, 170),
(244, 'Bahia', 42250, 42500, 200, 25, 325, '2015-04-02', 11, 149),
(245, 'Espírito Santo', 32500, 42500, 200, 25, 325, '2015-05-02', 8, 171),
(246, 'Rio de Janeiro', 122750, 42500, 200, 25, 325, '2015-06-02', 7, 148),
(247, 'São Paulo', 32500, 42500, 200, 25, 325, '2015-07-02', 2, 170),
(248, 'Minas Gerais', 44000, 42500, 200, 25, 325, '2015-08-02', 6, 148),
(249, 'São Paulo', 32500, 42500, 200, 25, 325, '2015-09-02', 4, 171),
(250, 'Rio de Janeiro', 42250, 42500, 200, 25, 325, '2015-10-02', 7, 169),
(251, 'São Paulo', 44000, 42500, 200, 25, 325, '2015-11-02', 4, 170),
(252, 'São Paulo', 32500, 42500, 200, 25, 325, '2015-12-02', 3, 172),
(253, 'São Paulo', 44000, 42500, 200, 25, 325, '2015-01-02', 12, 173),
(254, 'São Paulo', 42250, 30700, 200, 25, 250, '2015-02-02', 13, 174),
(255, 'São Paulo', 42250, 30700, 200, 25, 250, '2015-03-02', 12, 175),
(256, 'São Paulo', 42250, 30700, 200, 25, 250, '2015-04-02', 14, 176),
(257, 'São Paulo', 42250, 67000, 200, 25, 250, '2015-05-02', 15, 169),
(258, 'São Paulo', 44000, 67000, 200, 25, 250, '2015-06-02', 16, 148),
(259, 'São Paulo', 44000, 30700, 200, 25, 250, '2015-07-02', 15, 177),
(260, 'São Paulo', 42250, 30700, 200, 25, 250, '2015-08-02', 1, 177),
(261, 'São Paulo', 42250, 30700, 200, 25, 250, '2015-09-02', 2, 148),
(262, 'São Paulo', 42250, 67000, 200, 25, 250, '2015-10-02', 2, 148),
(263, 'São Paulo', 42250, 30700, 200, 25, 250, '2015-11-02', 3, 177),
(264, 'São Paulo', 44000, 67000, 200, 25, 250, '2015-12-02', 5, 172),
(265, 'São Paulo', 44000, 67000, 200, 25, 250, '2015-01-02', 4, 172),
(266, 'São Paulo', 42250, 9500, 200, 25, 325, '2015-02-02', 12, 178),
(267, 'São Paulo', 42250, 13500, 200, 25, 325, '2015-03-02', 4, 179),
(268, 'São Paulo', 28000, 9500, 200, 25, 325, '2015-04-02', 4, 178),
(269, 'São Paulo', 25250, 13500, 200, 25, 325, '2015-05-02', 5, 178),
(270, 'São Paulo', 25250, 9500, 200, 50, 325, '2015-06-02', 5, 178),
(271, 'São Paulo', 25250, 13500, 200, 25, 325, '2015-07-02', 3, 178),
(272, 'São Paulo', 28000, 9500, 200, 25, 325, '2015-08-02', 2, 180),
(273, 'São Paulo', 25250, 13500, 200, 25, 325, '2015-09-02', 1, 179),
(274, 'São Paulo', 28000, 9500, 200, 50, 325, '2015-10-02', 2, 181),
(275, 'São Paulo', 25250, 13500, 200, 25, 325, '2015-11-02', 3, 181),
(276, 'São Paulo', 28000, 9500, 200, 25, 325, '2015-12-02', 1, 180),
(277, 'São Paulo', 25250, 9500, 200, 25, 325, '2015-01-02', 15, 179),
(278, 'São Paulo', 25250, 13500, 200, 25, 325, '2015-02-02', 14, 182),
(279, 'São Paulo', 28000, 22000, 200, 25, 325, '2015-03-02', 2, 183),
(280, 'São Paulo', 25250, 13500, 200, 50, 325, '2015-04-02', 13, 184),
(281, 'São Paulo', 25250, 22000, 200, 25, 325, '2015-05-02', 3, 185),
(282, 'Paraná', 25250, 13500, 200, 25, 325, '2015-06-02', 10, 186),
(283, 'São Paulo', 25250, 22000, 200, 25, 325, '2015-07-02', 5, 187),
(284, 'São Paulo', 28000, 22000, 200, 50, 325, '2015-08-02', 4, 188),
(285, 'São Paulo', 25250, 22000, 200, 25, 325, '2015-09-02', 12, 185),
(286, 'São Paulo', 28000, 22000, 200, 25, 325, '2015-10-02', 13, 189),
(287, 'São Paulo', 28000, 22000, 200, 25, 325, '2015-11-02', 5, 190),
(288, 'São Paulo', 28000, 22000, 200, 25, 325, '2015-12-02', 3, 191),
(289, 'Minas Gerais', 28000, 22000, 550, 950, 450, '2015-01-09', 17, 187),
(290, 'Minas Gerais', 77250, 36125, 1300, 950, 1250, '2015-01-10', 18, 192),
(291, 'Minas Gerais', 72000, 22500, 550, 950, 1250, '2015-02-11', 19, 193),
(292, 'Espírito Santo', 25500, 27500, 1050, 950, 950, '2015-03-12', 20, 194),
(293, 'Espírito Santo', 39750, 22500, 800, 950, 1250, '2015-03-13', 21, 195),
(294, 'Minas Gerais', 77250, 36125, 1050, 950, 1250, '2015-03-14', 17, 196),
(295, 'Minas Gerais', 48550, 22500, 2550, 325, 950, '2015-04-15', 18, 193),
(296, 'Minas Gerais', 25500, 27500, 1300, 325, 1250, '2015-04-16', 19, 120),
(297, 'Espírito Santo', 48550, 22500, 1050, 325, 1250, '2015-05-17', 20, 197),
(298, 'Espírito Santo', 39750, 22500, 550, 950, 1250, '2015-05-18', 21, 193),
(299, 'Minas Gerais', 48550, 22500, 1050, 0, 1250, '2015-05-19', 17, 194),
(300, 'Minas Gerais', 40440, 27500, 2550, 950, 950, '2015-06-20', 18, 198),
(301, 'Minas Gerais', 77250, 22500, 1300, 950, 1250, '2015-07-21', 19, 195),
(302, 'Espírito Santo', 48550, 22500, 1050, 250, 1250, '2015-07-22', 20, 125),
(303, 'Espírito Santo', 39750, 27500, 1300, 0, 1250, '2015-09-23', 21, 199),
(304, 'Espírito Santo', 40440, 22500, 550, 250, 1250, '2015-10-24', 21, 200),
(305, 'Minas Gerais', 72000, 22500, 1050, 0, 950, '2015-11-25', 18, 201),
(306, 'Espírito Santo', 40440, 36125, 800, 950, 1250, '2015-11-26', 21, 202),
(307, 'Minas Gerais', 77250, 22500, 550, 950, 1250, '2015-11-27', 19, 198),
(308, 'Rio de Janeiro', 40440, 22500, 550, 650, 1250, '2014-10-04', 22, 111),
(309, 'Rio de Janeiro', 97750, 55000, 550, 650, 750, '2014-10-04', 22, 103),
(310, 'Rio de Janeiro', 122750, 80000, 50, 1400, 550, '2014-01-01', 23, 110),
(311, 'Rio de Janeiro', 90750, 80000, 800, 900, 550, '2014-02-02', 24, 107),
(312, 'Rio de Janeiro', 91750, 93000, 50, 900, 550, '2014-03-03', 23, 203),
(313, 'Rio de Janeiro', 94750, 67000, 50, 1400, 550, '2014-04-04', 25, 103),
(314, 'Rio de Janeiro', 105250, 130000, 50, 900, 550, '2014-05-04', 26, 107),
(315, 'Rio de Janeiro', 112750, 61000, 800, 400, 550, '2014-06-04', 24, 204),
(316, 'Rio de Janeiro', 127750, 28500, 2550, 900, 550, '2014-07-04', 27, 205),
(317, 'Rio de Janeiro', 132750, 20500, 50, 900, 750, '2014-08-04', 22, 110),
(318, 'Rio de Janeiro', 77750, 80890, 150, 900, 750, '2014-09-04', 22, 111),
(319, 'Rio de Janeiro', 71250, 104000, 50, 1400, 750, '2014-11-04', 27, 110),
(320, 'Rio de Janeiro', 97750, 130000, 50, 1400, 750, '2014-11-04', 25, 111),
(321, 'Rio de Janeiro', 157750, 130000, 5050, 1400, 750, '2014-12-04', 24, 111),
(322, 'Rio de Janeiro', 97750, 160000, 50, 1400, 570, '2014-12-04', 26, 206),
(323, 'Rio de Janeiro', 181250, 130000, 50, 1650, 570, '2015-01-02', 27, 202),
(324, 'Rio de Janeiro', 132750, 67000, 50, 1650, 570, '2015-02-02', 25, 196),
(325, 'Rio de Janeiro', 181250, 67000, 50, 890, 654, '2015-03-02', 26, 196),
(326, 'Rio de Janeiro', 112750, 80890, 50, 400, 987, '2015-04-02', 24, 207),
(327, 'Rio de Janeiro', 132750, 67000, 1000, 1650, 654, '2015-05-02', 23, 120),
(328, 'Rio de Janeiro', 181250, 80890, 50, 1650, 321, '2015-06-02', 22, 208),
(329, 'Rio de Janeiro', 112750, 67000, 1800, 400, 951, '2015-07-02', 22, 208),
(330, 'Rio de Janeiro', 105250, 67000, 50, 900, 987, '2015-08-02', 23, 120),
(331, 'Rio de Janeiro', 132750, 67000, 50, 350, 750, '2015-09-02', 24, 207),
(332, 'Rio de Janeiro', 181250, 80890, 50, 1650, 654, '2015-10-02', 25, 125),
(333, 'Rio de Janeiro', 181250, 80890, 800, 1650, 987, '2015-11-02', 26, 120),
(334, 'Rio de Janeiro', 132750, 80890, 50, 1650, 321, '2015-12-02', 25, 208),
(335, 'Rio de Janeiro', 181250, 67000, 50, 400, 654, '2015-01-02', 25, 207),
(336, 'Rio de Janeiro', 181250, 80890, 50, 400, 987, '2015-02-02', 26, 129),
(337, 'Rio de Janeiro', 112750, 80890, 50, 400, 963, '2015-03-02', 26, 131),
(338, 'Rio de Janeiro', 181250, 80890, 50, 50, 852, '2015-04-02', 24, 131),
(339, 'Rio de Janeiro', 112750, 80890, 45, 400, 147, '2015-05-02', 22, 137),
(340, 'Rio de Janeiro', 105250, 80890, 800, 350, 852, '2015-06-02', 23, 136),
(341, 'Rio de Janeiro', 181250, 67000, 500, 350, 654, '2015-07-02', 24, 136),
(342, 'Rio de Janeiro', 127250, 67000, 1300, 350, 984, '2015-08-02', 25, 202),
(343, 'Rio de Janeiro', 132750, 67000, 50, 0, 895, '2015-09-02', 26, 136),
(344, 'Rio de Janeiro', 112750, 67000, 50, 350, 486, '2015-10-02', 25, 137),
(345, 'Rio de Janeiro', 181250, 67000, 50, 1650, 325, '2015-11-02', 25, 200),
(346, 'Rio de Janeiro', 132750, 130000, 50, 1650, 658, '2015-12-02', 26, 200),
(347, 'Rio de Janeiro', 112750, 130000, 550, 350, 752, '2014-01-01', 22, 205),
(348, 'Rio de Janeiro', 46750, 30000, 550, 350, 486, '2014-02-01', 22, 141),
(349, 'Rio de Janeiro', 47750, 42500, 50, 0, 486, '2014-03-01', 22, 146),
(350, 'Rio de Janeiro', 42250, 30000, 50, 400, 486, '2014-04-01', 22, 209),
(351, 'Rio de Janeiro', 46750, 42500, 50, 400, 486, '2014-05-01', 24, 144),
(352, 'Rio de Janeiro', 46750, 30000, 550, 400, 486, '2014-06-01', 25, 144),
(353, 'Rio de Janeiro', 42250, 42500, 550, 1650, 486, '2014-07-01', 26, 144),
(354, 'Rio de Janeiro', 46750, 30000, 800, 400, 486, '2014-08-01', 25, 146),
(355, 'Rio de Janeiro', 112750, 55000, 650, 1650, 486, '2014-09-01', 25, 210),
(356, 'Rio de Janeiro', 112750, 30000, 800, 1650, 987, '2014-10-01', 26, 144),
(357, 'Rio de Janeiro', 46750, 42500, 50, 400, 987, '2014-11-01', 26, 146),
(358, 'Rio de Janeiro', 42250, 30000, 50, 400, 987, '2014-12-01', 22, 141),
(359, 'Rio de Janeiro', 46750, 42500, 50, 1650, 987, '2015-01-02', 23, 148),
(360, 'Rio de Janeiro', 46750, 30000, 50, 400, 987, '2015-02-02', 24, 149),
(361, 'Rio de Janeiro', 46750, 42500, 800, 400, 987, '2015-03-02', 26, 150),
(362, 'Rio de Janeiro', 42250, 30000, 650, 400, 987, '2015-04-02', 25, 169),
(363, 'Rio de Janeiro', 112750, 42500, 650, 400, 987, '2015-05-02', 28, 169),
(364, 'Rio de Janeiro', 46750, 30000, 550, 350, 987, '2015-06-02', 29, 169),
(365, 'Rio de Janeiro', 42250, 42500, 550, 350, 987, '2015-07-02', 30, 150),
(366, 'Rio de Janeiro', 42250, 30000, 550, 350, 750, '2015-08-02', 28, 149),
(367, 'Rio de Janeiro', 42250, 17500, 550, 400, 750, '2015-09-02', 27, 152),
(368, 'Rio de Janeiro', 42250, 30000, 650, 400, 750, '2015-10-02', 25, 148),
(369, 'Rio de Janeiro', 42250, 42500, 800, 400, 750, '2015-11-02', 25, 148),
(370, 'Rio de Janeiro', 42250, 30000, 800, 400, 1250, '2015-12-02', 26, 148),
(371, 'Rio de Janeiro', 42250, 42500, 650, 400, 1250, '2014-01-01', 26, 146),
(372, 'Rio de Janeiro', 42250, 30700, 800, 400, 1250, '2014-02-01', 24, 153),
(373, 'Rio de Janeiro', 46750, 30700, 800, 400, 1250, '2014-03-01', 24, 157),
(374, 'Rio de Janeiro', 46750, 30700, 650, 675, 987, '2014-04-01', 23, 211),
(375, 'Rio de Janeiro', 112750, 30700, 800, 675, 1250, '2014-05-01', 23, 211),
(376, 'Rio de Janeiro', 112750, 67000, 550, 675, 987, '2014-06-01', 22, 157),
(377, 'Rio de Janeiro', 112750, 67000, 550, 675, 1250, '2014-07-01', 22, 157),
(378, 'Rio de Janeiro', 112750, 30700, 550, 675, 987, '2014-08-01', 29, 158),
(379, 'Rio de Janeiro', 112750, 30700, 550, 675, 1250, '2014-09-01', 30, 212),
(380, 'Rio de Janeiro', 46750, 30700, 550, 400, 987, '2014-10-01', 27, 157),
(381, 'Rio de Janeiro', 112750, 67000, 550, 350, 1250, '2014-11-01', 22, 157),
(382, 'Rio de Janeiro', 46750, 67000, 550, 350, 987, '2014-12-01', 23, 157),
(383, 'Rio de Janeiro', 46750, 67000, 400, 350, 987, '2015-01-02', 24, 161),
(384, 'Rio de Janeiro', 112750, 30700, 550, 400, 1250, '2015-02-02', 26, 161),
(385, 'Rio de Janeiro', 112750, 30700, 400, 675, 750, '2015-03-02', 25, 162),
(386, 'Rio de Janeiro', 44000, 30700, 550, 675, 750, '2015-04-02', 27, 161),
(387, 'Rio de Janeiro', 112750, 30700, 550, 675, 750, '2015-05-02', 28, 165),
(388, 'Rio de Janeiro', 42250, 67000, 400, 400, 750, '2015-06-02', 30, 165),
(389, 'Rio de Janeiro', 42250, 67000, 550, 400, 486, '2015-07-02', 22, 165),
(390, 'Rio de Janeiro', 42250, 30700, 550, 675, 486, '2015-08-02', 23, 166),
(391, 'Rio de Janeiro', 44000, 67000, 1300, 350, 486, '2015-09-02', 27, 166),
(392, 'Rio de Janeiro', 42250, 67000, 1050, 350, 486, '2015-10-02', 25, 162),
(393, 'Rio de Janeiro', 46750, 67000, 1050, 350, 486, '2015-11-02', 23, 167),
(394, 'Rio de Janeiro', 46750, 30700, 1050, 350, 486, '2015-12-02', 22, 161),
(395, 'Rio de Janeiro', 32500, 42500, 200, -50, 486, '2015-02-02', 31, 169),
(396, 'Rio de Janeiro', 42250, 42500, 200, -50, 325, '2015-04-02', 31, 149),
(397, 'Rio de Janeiro', 32500, 42500, 200, -50, 325, '2015-05-02', 29, 213),
(398, 'Rio de Janeiro', 122750, 42500, 350, -50, 325, '2015-06-02', 30, 148),
(399, 'Rio de Janeiro', 32500, 42500, 200, -50, 325, '2015-07-02', 23, 170),
(400, 'Rio de Janeiro', 44000, 42500, 200, -50, 325, '2015-08-02', 27, 148),
(401, 'Rio de Janeiro', 32500, 42500, 200, -50, 325, '2015-09-02', 25, 213),
(402, 'Rio de Janeiro', 42250, 42500, 350, -50, 325, '2015-10-02', 30, 169),
(403, 'Rio de Janeiro', 44000, 42500, 200, -50, 325, '2015-11-02', 25, 170),
(404, 'Rio de Janeiro', 32500, 42500, 350, -50, 325, '2015-12-02', 24, 172),
(405, 'Rio de Janeiro', 44000, 42500, 200, -50, 325, '2015-01-02', 26, 172),
(406, 'Rio de Janeiro', 42250, 30700, 200, -50, 250, '2015-02-02', 26, 150),
(407, 'Rio de Janeiro', 42250, 30700, 200, -50, 250, '2015-03-02', 26, 149),
(408, 'Rio de Janeiro', 42250, 30700, 200, -50, 250, '2015-04-02', 26, 152),
(409, 'Rio de Janeiro', 42250, 67000, 200, -50, 250, '2015-05-02', 26, 169),
(410, 'Rio de Janeiro', 44000, 67000, 200, -50, 250, '2015-06-02', 26, 148),
(411, 'Rio de Janeiro', 44000, 30700, 350, -50, 250, '2015-07-02', 26, 148),
(412, 'Rio de Janeiro', 42250, 30700, 200, -50, 250, '2015-08-02', 22, 148),
(413, 'Rio de Janeiro', 42250, 30700, 200, -50, 250, '2015-09-02', 23, 148),
(414, 'Rio de Janeiro', 42250, 67000, 200, -50, 250, '2015-10-02', 23, 148),
(415, 'Rio de Janeiro', 42250, 30700, 350, -50, 250, '2015-11-02', 24, 148),
(416, 'Rio de Janeiro', 44000, 67000, 200, -50, 250, '2015-12-02', 26, 172),
(417, 'Rio de Janeiro', 44000, 67000, 150, -50, 250, '2015-01-02', 25, 172),
(418, 'Rio de Janeiro', 42250, 9500, 200, -50, 325, '2015-02-02', 29, 178),
(419, 'Rio de Janeiro', 42250, 13500, 150, -50, 325, '2015-03-02', 25, 179),
(420, 'Rio de Janeiro', 28000, 9500, 350, -50, 325, '2015-04-02', 25, 178),
(421, 'Rio de Janeiro', 25250, 13500, 200, -50, 325, '2015-05-02', 26, 178),
(422, 'Rio de Janeiro', 25250, 9500, 200, 50, 325, '2015-06-02', 26, 178),
(423, 'Rio de Janeiro', 25250, 13500, 150, -50, 325, '2015-07-02', 24, 178),
(424, 'Rio de Janeiro', 28000, 9500, 350, -50, 325, '2015-08-02', 23, 180),
(425, 'Rio de Janeiro', 25250, 13500, 200, -50, 325, '2015-09-02', 22, 179),
(426, 'Rio de Janeiro', 28000, 9500, 200, 50, 325, '2015-10-02', 23, 181),
(427, 'Rio de Janeiro', 25250, 13500, 200, -50, 325, '2015-11-02', 24, 181),
(428, 'Rio de Janeiro', 28000, 9500, 200, -50, 325, '2015-12-02', 22, 180),
(429, 'Rio de Janeiro', 25250, 9500, 150, -50, 325, '2015-01-02', 28, 179),
(430, 'Rio de Janeiro', 25250, 13500, 200, -50, 325, '2015-02-02', 28, 182),
(431, 'Rio de Janeiro', 28000, 22000, 200, -50, 325, '2015-03-02', 23, 214),
(432, 'Rio de Janeiro', 25250, 22000, 200, -50, 325, '2015-05-02', 24, 185),
(433, 'Rio de Janeiro', 25250, 22000, 200, -50, 325, '2015-07-02', 26, 186),
(434, 'Rio de Janeiro', 28000, 22000, 200, 50, 325, '2015-08-02', 25, 185),
(435, 'Rio de Janeiro', 25250, 22000, 200, -50, 325, '2015-09-02', 24, 185),
(436, 'Rio de Janeiro', 28000, 22000, 200, -50, 325, '2015-10-02', 22, 189),
(437, 'Rio de Janeiro', 28000, 22000, 200, -50, 325, '2015-11-02', 31, 189),
(438, 'Rio de Janeiro', 28000, 22000, 200, -50, 325, '2015-12-02', 29, 191),
(439, 'Rio de Janeiro', 28000, 22000, 550, 875, 450, '2015-01-09', 23, 186),
(440, 'Rio de Janeiro', 77250, 36125, 1300, 875, 1250, '2015-01-10', 26, 200),
(441, 'Rio de Janeiro', 72000, 22500, 550, 875, 1250, '2015-02-11', 24, 137),
(442, 'Rio de Janeiro', 25500, 27500, 1050, 875, 950, '2015-03-12', 31, 202),
(443, 'Rio de Janeiro', 39750, 22500, 800, 875, 1250, '2015-03-13', 24, 136),
(444, 'Rio de Janeiro', 77250, 36125, 1050, 875, 1250, '2015-03-14', 24, 196),
(445, 'Rio de Janeiro', 48550, 22500, 2550, 250, 950, '2015-04-15', 24, 137),
(446, 'Rio de Janeiro', 25500, 27500, 1300, 250, 1250, '2015-04-16', 24, 120),
(447, 'Rio de Janeiro', 48550, 22500, 1050, 250, 1250, '2015-05-17', 22, 200),
(448, 'Rio de Janeiro', 39750, 22500, 550, 875, 1250, '2015-05-18', 27, 137),
(449, 'Rio de Janeiro', 48550, 22500, 1050, -75, 1250, '2015-05-19', 23, 202),
(450, 'Rio de Janeiro', 40440, 27500, 2550, 875, 950, '2015-06-20', 28, 136),
(451, 'Rio de Janeiro', 77250, 22500, 1300, 875, 1250, '2015-07-21', 24, 136),
(452, 'Rio de Janeiro', 48550, 22500, 1050, 175, 1250, '2015-07-22', 25, 125),
(453, 'Rio de Janeiro', 39750, 27500, 1300, -75, 1250, '2015-09-23', 30, 131),
(454, 'Rio de Janeiro', 40440, 22500, 550, 175, 1250, '2015-10-24', 29, 200),
(455, 'Rio de Janeiro', 72000, 22500, 1050, -75, 950, '2015-11-25', 31, 201),
(456, 'Rio de Janeiro', 40440, 36125, 800, 875, 1250, '2015-11-26', 22, 202),
(457, 'Rio de Janeiro', 77250, 22500, 550, 875, 1250, '2015-11-27', 23, 136);
COMMIT;

/*!40101 SET CHARACTER_SET_CLIENT=@OLD_CHARACTER_SET_CLIENT */;
/*!40101 SET CHARACTER_SET_RESULTS=@OLD_CHARACTER_SET_RESULTS */;
/*!40101 SET COLLATION_CONNECTION=@OLD_COLLATION_CONNECTION */;
